Price,Close,High,Low,Open,Volume
Ticker,INFY.NS,INFY.NS,INFY.NS,INFY.NS,INFY.NS
Date,,,,,
2024-12-13,1999.699951171875,2006.449951171875,1953.800048828125,1969.75,5362693
2024-12-16,1980.050048828125,1999.5999755859375,1977.5999755859375,1995.449951171875,3119221
2024-12-12,1987.0,1998.800048828125,1970.550048828125,1975.199951171875,6462130
2024-12-18,1979.1500244140625,1984.949951171875,1961.5999755859375,1966.800048828125,3064095
2025-01-13,1962.199951171875,1982.800048828125,1949.0,1956.0,5804152
2024-12-17,1976.5999755859375,1982.0,1958.0,1968.0,5811050
2024-12-20,1922.1500244140625,1979.949951171875,1911.25,1975.1500244140625,11056720
2024-12-11,1974.1500244140625,1978.0,1952.0,1955.0,5025612
2025-01-10,1966.949951171875,1977.800048828125,1932.25,1937.0,8036913
2025-01-06,1937.8499755859375,1973.0,1928.0,1952.0,7164403
2025-01-14,1940.050048828125,1971.800048828125,1931.0999755859375,1968.8499755859375,5792162
2024-10-15,1937.2423095703125,1969.030269309362,1929.7772589580218,1937.9343807135765,5353705
2025-01-16,1928.449951171875,1966.949951171875,1916.8499755859375,1965.949951171875,7533579
2024-12-10,1948.550048828125,1965.5999755859375,1932.0,1939.0,6174921
2025-01-02,1957.8499755859375,1962.6500244140625,1885.300048828125,1887.0,7083645
2024-12-19,1946.199951171875,1959.75,1920.0,1934.0,5323592
2025-01-07,1930.8499755859375,1958.550048828125,1923.6500244140625,1945.0,4294832
2025-01-15,1949.6500244140625,1958.050048828125,1937.0999755859375,1947.0,2985439
2024-10-17,1945.9432373046875,1955.7318079040856,1908.420524152391,1913.4135991715214,8162822
2024-10-09,1930.7659912109375,1954.7429853406854,1923.202090573065,1930.568291084163,4857163
2024-09-02,1942.3837890625,1953.5071373073222,1920.928134504242,1921.4718702230236,5573739
2025-01-03,1938.75,1952.949951171875,1922.0,1952.949951171875,6218003
2024-09-27,1885.283935546875,1952.3700606285142,1881.8728236954225,1910.3485227967365,14908931
2025-01-09,1917.300048828125,1951.8499755859375,1910.550048828125,1934.050048828125,6833503
2024-12-05,1934.8499755859375,1949.9000244140625,1888.949951171875,1900.0,9050038
2024-10-14,1936.8468017578125,1947.32744321805,1909.3597248317858,1910.3979522497737,3751378
2024-09-03,1919.3955078125,1944.8556156431102,1914.6494976860436,1944.8556156431102,4694322
2024-12-24,1909.050048828125,1942.0,1840.0,1927.050048828125,2360544
2024-10-10,1897.39599609375,1941.8893883940204,1892.5511359040659,1935.8580860214163,4782119
2024-11-27,1924.5,1941.4000244140625,1911.75,1930.0999755859375,4447143
2024-12-23,1924.300048828125,1940.0,1909.0,1930.050048828125,2781793
2024-11-26,1924.1500244140625,1938.5999755859375,1897.300048828125,1904.949951171875,6850495
2025-01-08,1933.1500244140625,1938.5999755859375,1888.75,1930.0,5482050
2024-12-06,1922.4000244140625,1937.949951171875,1912.4000244140625,1932.800048828125,3573331
2024-10-16,1898.483642578125,1937.489590029349,1894.7758597802551,1932.9907652895117,3111512
2024-09-13,1922.21337890625,1936.550138509233,1913.8585569332765,1928.491866731105,3843127
2024-09-17,1930.568359375,1936.4018409777289,1920.28541780197,1925.822349204047,2793127
2024-10-08,1926.6134033203125,1935.907482195147,1884.8884156668553,1916.0832761654256,5637391
2024-09-12,1928.491943359375,1934.3750311581994,1889.2884164096236,1903.3285056795914,8555092
2024-10-04,1896.5555419921875,1932.100769561233,1864.7674617056623,1868.277544177642,10001483
2024-12-09,1923.6500244140625,1930.199951171875,1897.199951171875,1924.199951171875,4274645
2024-09-16,1928.294189453125,1930.0244880464043,1911.2878744147433,1923.844850213264,1570181
2024-08-28,1917.2696533203125,1929.0357076600114,1876.0391587953377,1885.4322081150558,6514531
2024-08-29,1911.58447265625,1928.5414234357702,1899.2746820616776,1911.2384370681077,7228284
2024-08-30,1921.81787109375,1928.0469942767568,1906.2946692131216,1916.182089696592,13466759
2024-10-11,1913.314697265625,1925.08075167961,1888.596146268198,1896.407232522595,4709431
2024-12-27,1916.75,1924.1500244140625,1903.9000244140625,1909.4000244140625,3937500
2025-02-06,1915.6500244140625,1924.0,1900.0,1917.0,4765255
2025-02-07,1903.6500244140625,1923.699951171875,1889.449951171875,1919.300048828125,4126260
2024-10-07,1912.5238037109375,1920.1370692498308,1894.4792612218491,1901.548670352514,6112575
2024-12-26,1907.4000244140625,1919.75,1902.300048828125,1909.050048828125,3623321
2025-02-05,1897.050048828125,1919.699951171875,1894.300048828125,1906.0,4996744
2024-11-25,1889.699951171875,1919.300048828125,1882.0,1916.0,12764638
2024-09-05,1911.38671875,1918.1595776556048,1888.101795186121,1904.564374463458,4081810
2024-09-18,1870.8482666015625,1916.9236213164315,1860.1204396556486,1916.9236213164315,6385468
2024-12-30,1906.0,1916.0,1886.5,1915.699951171875,7789055
2024-10-18,1858.4395751953125,1915.0450588417807,1848.2061188848998,1872.4797850414136,10526196
2024-11-28,1856.6500244140625,1914.9000244140625,1851.6500244140625,1914.9000244140625,8468790
2024-09-06,1880.4390869140625,1914.6990238739456,1875.495376550329,1900.3622638191189,5848106
2024-11-22,1902.25,1914.050048828125,1834.0,1854.0999755859375,6301486
2024-12-04,1889.25,1913.949951171875,1875.0,1884.0,4705573
2024-09-10,1890.771484375,1913.2158807963608,1874.6549405632559,1883.4547690120723,6909600
2025-02-04,1898.800048828125,1911.199951171875,1875.0,1889.0,7334787
2024-09-04,1900.80712890625,1905.5036537009792,1878.659403273211,1899.4723512616954,4778310
2025-02-10,1880.300048828125,1905.0,1878.5999755859375,1905.0,3828734
2024-09-11,1888.6456298828125,1904.317167061319,1883.5535842428933,1893.1443337425083,5312946
2024-09-19,1872.8751220703125,1903.2295750864566,1857.648591225943,1889.090515649771,7976570
2025-02-11,1875.6500244140625,1903.0,1870.0,1883.0999755859375,4411601
2024-12-03,1892.0999755859375,1899.75,1871.1500244140625,1887.0,4715792
2024-09-09,1873.3201904296875,1899.2251844317982,1867.7337735849421,1868.722515656718,4772612
2025-01-31,1879.800048828125,1897.449951171875,1871.0,1871.0,5820470
2024-09-23,1875.099853515625,1897.2971854419584,1857.3024962257978,1887.5086147933428,3636672
2024-12-31,1880.0,1897.0,1845.050048828125,1892.300048828125,3613063
2024-09-26,1878.8570556640625,1896.3577414391902,1871.6886758963662,1876.4346859520194,8952803
2025-01-24,1875.449951171875,1894.9000244140625,1864.25,1865.5,4887027
2025-02-12,1863.1500244140625,1894.5999755859375,1847.0,1885.0,5633947
2024-09-20,1884.295166015625,1893.441029998647,1846.3769324522514,1883.553609476461,15242974
2025-01-01,1882.5,1892.949951171875,1874.0,1874.0,1838368
2025-02-01,1851.3499755859375,1890.5999755859375,1846.0,1880.300048828125,1701402
2024-10-03,1872.084228515625,1890.326471127003,1859.8238029111842,1868.228110367189,7503887
2024-09-24,1877.2255859375,1889.3871611325649,1850.3318511156947,1866.744944603828,7277616
2025-01-29,1881.25,1888.6500244140625,1840.5,1845.0,5145155
2024-10-01,1882.910888671875,1887.4590779382527,1853.891333799346,1853.891333799346,4029072
2025-01-30,1859.949951171875,1887.199951171875,1844.0,1873.1500244140625,7336056
2024-12-02,1879.800048828125,1882.800048828125,1835.199951171875,1859.0,2868263
2024-07-29,1850.0352783203125,1881.576174753072,1843.0152337045329,1872.281975079085,4635931
2024-08-27,1878.708740234375,1881.3289307993468,1852.8037468694145,1855.0284164761933,3830679
2024-11-12,1868.800048828125,1881.0,1861.0,1871.0999755859375,5012450
2024-09-25,1873.962890625,1880.1918932386473,1855.6711623585454,1865.113576694678,4268341
2024-09-30,1854.484619140625,1879.84587760492,1849.4420586771876,1858.8351084272188,6986955
2025-01-23,1865.449951171875,1879.550048828125,1852.699951171875,1858.0,5907471
2024-10-21,1831.891845703125,1877.4234656963636,1817.3079003655882,1869.81007944151,4654601
2024-11-29,1857.8499755859375,1877.0,1845.0,1851.0999755859375,5244346
2025-02-03,1863.300048828125,1876.550048828125,1832.4000244140625,1836.0,4823228
2024-11-14,1864.550048828125,1876.0,1856.0,1865.5999755859375,4311431
2025-02-13,1843.25,1873.5,1835.6500244140625,1868.5,5237744
2024-11-13,1868.4000244140625,1873.199951171875,1856.300048828125,1861.0999755859375,4257495
2024-08-22,1859.082275390625,1872.3314432555287,1848.650998283393,1862.7900581496808,4300287
2024-11-11,1860.0999755859375,1868.0,1822.550048828125,1829.0,3804234
2024-08-26,1855.0284423828125,1867.4865682155496,1843.015202199224,1848.947654566818,3728589
2024-11-21,1834.050048828125,1867.0,1820.5999755859375,1842.0,5436504
2025-01-22,1856.449951171875,1865.800048828125,1805.1500244140625,1807.4000244140625,8373913
2024-10-23,1852.309326171875,1864.7674514965342,1823.2402866169718,1824.4762141431493,4311910
2024-08-20,1851.122802734375,1864.4708203012337,1847.167834566417,1858.8350389403133,3870333
2024-07-31,1847.21728515625,1863.9270494903697,1844.0533589598933,1855.8687778607152,5004209
2025-01-28,1829.75,1863.5,1824.9000244140625,1830.0,6999495
2025-01-27,1822.0,1863.0,1812.0,1848.75,7652371
2024-10-24,1842.3724365234375,1862.7899835717537,1839.0601748638333,1840.4444378443384,2906475
2024-07-26,1857.7474365234375,1861.8012547338872,1804.800252190318,1804.800252190318,11369047
2025-02-18,1851.949951171875,1861.6500244140625,1837.5999755859375,1842.300048828125,4365260
2024-08-23,1841.1365966796875,1861.4058092497896,1836.0940362282875,1857.0553199735814,5015935
2024-10-28,1844.3499755859375,1860.7137049405378,1836.0940035326346,1838.7635588134694,7018940
2024-11-19,1824.75,1859.699951171875,1820.550048828125,1825.5,4669769
2025-02-14,1856.4000244140625,1859.300048828125,1828.3499755859375,1854.0,5292961
2024-07-30,1856.0172119140625,1858.7856173089488,1839.0602611731742,1850.0352740764486,2721265
2025-01-17,1815.449951171875,1858.0,1812.0,1851.0,16409953
2024-08-21,1851.6171875,1857.8463106891932,1846.0802561629678,1853.9901925575998,1966902
2024-10-22,1830.7547607421875,1856.6598749420027,1826.157086057666,1837.280434151161,4125240
2024-10-25,1841.087158203125,1855.2260969140489,1825.613321185463,1842.471300498032,4689120
2025-02-17,1842.300048828125,1852.75,1822.1500244140625,1838.550048828125,4428956
2024-10-29,1839.300048828125,1851.5999755859375,1829.0,1846.0,4621252
2025-02-19,1810.800048828125,1849.199951171875,1805.9000244140625,1847.4000244140625,4611411
2024-11-18,1811.449951171875,1849.199951171875,1795.0,1849.199951171875,4839244
2024-08-01,1831.7435302734375,1846.8713321859477,1824.327964766531,1835.2041275099937,7475014
2024-08-19,1843.8062744140625,1846.5253151272077,1828.381801448105,1839.0602641636058,2585989
2024-08-16,1838.02197265625,1840.8893487203159,1808.9035677667387,1829.1727796493396,7335657
2024-11-08,1829.949951171875,1840.5999755859375,1813.1500244140625,1818.0,4210960
2024-10-30,1802.0999755859375,1839.0,1796.3499755859375,1832.0,5919715
2024-08-02,1800.697021484375,1838.5658912936087,1795.703946415569,1822.2516470309874,7400938
2025-01-21,1800.699951171875,1831.6500244140625,1793.050048828125,1819.050048828125,7169109
2025-02-20,1825.1500244140625,1831.0,1805.550048828125,1805.550048828125,2218020
2025-02-21,1815.0,1829.8499755859375,1806.199951171875,1821.800048828125,3379879
2025-01-20,1813.300048828125,1827.949951171875,1793.1500244140625,1822.949951171875,4333011
2024-11-06,1823.699951171875,1827.199951171875,1762.6500244140625,1764.0,10421494
2024-11-07,1803.050048828125,1825.699951171875,1787.0,1812.949951171875,4550965
2024-07-19,1772.7650146484375,1823.24034470405,1766.338191307561,1823.24034470405,29819116
2024-07-24,1813.303466796875,1821.608924304843,1799.1150422644587,1816.813549415664,6002845
2024-07-23,1816.2203369140625,1819.2359278172223,1763.1743005910796,1789.6231510275363,7113056
2022-01-17,1802.8743896484375,1816.2600226602578,1794.5083831999527,1801.9913565784761,5262464
2024-07-25,1804.305908203125,1810.2878458920018,1791.6005969829364,1799.510533393457,5815599
2025-02-24,1764.0999755859375,1808.0,1750.25,1800.050048828125,7594720
2022-01-18,1785.4454345703125,1807.9871770085945,1776.8005147621873,1786.7003130014948,3690315
2024-08-14,1802.7239990234375,1804.4542976650341,1777.214405057477,1781.7132298040501,7450718
2024-07-22,1790.4635009765625,1802.4767409150693,1772.764994301763,1779.8840094152727,8462126
2022-01-14,1793.4395751953125,1796.832478669251,1748.4955470133787,1749.4251033913763,7688506
2024-08-13,1777.21435546875,1789.6231165163863,1768.9090187776696,1789.6231165163863,4176918
2024-10-31,1757.25,1787.9000244140625,1746.5,1787.9000244140625,7395236
2022-03-17,1723.955078125,1787.815663530222,1703.923208095661,1787.815663530222,17731459
2022-03-30,1769.828857421875,1783.818726591088,1761.5093730537321,1775.4527190145795,7795839
2024-08-12,1777.1650390625,1783.1963416124136,1748.1948478346778,1753.089193549223,4315329
2022-01-19,1735.5283203125,1781.0300606595385,1731.6241153535711,1781.0300606595385,5747770
2022-01-03,1764.71630859375,1779.2174792633514,1754.7701004661621,1754.7701004661621,3329616
2025-02-25,1767.699951171875,1778.449951171875,1745.1500244140625,1745.1500244140625,5092963
2022-03-31,1772.5244140625,1778.241208021425,1760.7655041327755,1766.1569760798263,5399145
2022-01-13,1763.1824951171875,1777.7764841343992,1734.877436738034,1770.8048116475977,14277630
2024-08-07,1771.479736328125,1777.6593742044852,1742.2623601702733,1775.7807401508612,5094329
2024-08-05,1732.17724609375,1777.2638600737969,1699.2027223979335,1764.8550988919399,10736703
2024-08-06,1731.38623046875,1776.7200306535497,1725.2065924747465,1740.3837592488085,7690163
2025-02-27,1764.300048828125,1775.8499755859375,1751.0999755859375,1755.199951171875,5757079
2022-04-01,1769.45703125,1775.731536597674,1745.9857334679596,1753.9333721589398,6171518
2021-12-30,1759.5106201171875,1775.2666674881161,1742.313828563704,1751.7488477048607,4584738
2022-01-04,1765.366943359375,1772.338615899716,1745.7068041013672,1764.7161858395368,3921999
2022-01-05,1714.706298828125,1768.852961113544,1710.3838387153835,1766.1572247604504,6995719
2024-11-05,1754.199951171875,1768.449951171875,1745.0,1760.0,3160880
2024-11-04,1763.6500244140625,1767.0,1718.0,1724.5,7336722
2022-03-23,1740.5013427734375,1766.1570754915947,1726.1861522041534,1763.368406425029,6192824
2024-11-01,1760.8499755859375,1766.0,1752.050048828125,1764.5,371966
2021-12-31,1754.7701416015625,1764.6234170140424,1739.804305850686,1756.8616435581794,4619420
2021-12-28,1755.002685546875,1762.3462046478103,1746.0789657722432,1748.2168776559945,3340933
2022-03-14,1757.5120849609375,1761.5092225166177,1702.5289195311364,1702.5289195311364,10289724
2022-03-24,1753.7939453125,1761.1374632770805,1725.3960664954084,1725.3960664954084,3784303
2024-08-09,1750.81494140625,1760.7023616598503,1736.23099653219,1751.3093124189302,4258524
2022-03-25,1744.359130859375,1760.5798448652279,1727.1158140230166,1758.7207320406606,3438588
2022-03-16,1756.303955078125,1760.5333687844893,1718.7498523223176,1733.6227553169942,5233979
2021-12-29,1752.72509765625,1760.3939378785772,1744.2196339881484,1750.8194616670548,3236635
2024-08-08,1723.5257568359375,1759.91139245447,1707.6563983950045,1759.91139245447,6227910
2022-04-04,1750.30810546875,1759.6501922901634,1741.0590650604734,1756.6291341153387,7364074
2022-03-22,1754.4447021484375,1756.8615259978912,1709.454151486837,1719.6792714794174,5709382
2022-04-05,1729.997314453125,1756.4896706450008,1726.3256122290609,1751.0983118536058,5472024
2022-03-29,1753.143310546875,1756.3038248932216,1729.4861463630375,1741.8957011851217,3917785
2022-01-12,1745.1954345703125,1755.931855251634,1728.9747224817572,1737.247796267448,5362535
2022-03-15,1709.7330322265625,1755.3277029055291,1701.0881128220879,1755.3277029055291,7140443
2025-02-28,1687.699951171875,1755.0999755859375,1682.449951171875,1755.050048828125,12182167
2022-03-21,1722.5145263671875,1753.9799877025819,1711.406259343403,1729.9044543327732,8362085
2022-03-28,1741.8958740234375,1748.402769246931,1722.1427992378326,1734.5523552912455,4008555
2024-07-18,1738.258056640625,1745.5252867669142,1699.6476302577444,1699.6476302577444,11248896
2021-12-24,1732.2281494140625,1743.6152139862772,1723.3973646437735,1741.0124109812803,3780347
2021-12-27,1734.691650390625,1742.4534234208718,1715.0780335894442,1728.9748559951036,2647733
2022-01-11,1724.8848876953125,1738.2705229728817,1719.8188505435949,1724.327176531923,5142287
2022-01-10,1720.3763427734375,1738.1773688253013,1685.2855920293082,1687.1447046515136,7857560
2025-03-05,1711.5,1732.949951171875,1692.449951171875,1692.449951171875,8180782
2021-12-23,1726.7440185546875,1730.4622443110375,1698.299614212859,1702.250229078981,4112933
2025-03-03,1708.5999755859375,1728.5999755859375,1692.300048828125,1692.300048828125,7504969
2022-04-06,1700.019287109375,1726.6511020369257,1693.7913042967173,1724.3272109170914,5407453
2025-03-06,1715.8499755859375,1722.300048828125,1691.0999755859375,1715.0,10610547
2025-03-10,1701.449951171875,1719.0,1676.199951171875,1686.0,7558981
2024-07-16,1706.6182861328125,1718.3348554402428,1680.8615071130416,1699.2520853457738,6886281
2022-01-20,1695.2320556640625,1717.820322830034,1687.6097381482286,1714.1020970230425,5533463
2022-03-10,1697.277099609375,1714.799215531617,1682.682995649764,1714.799215531617,6547182
2021-12-17,1692.5826416015625,1712.2427809170886,1679.475919881623,1691.7925414055924,18887243
2024-07-15,1687.8321533203125,1708.5462508493542,1683.4816641905138,1706.766466892966,6942230
2022-04-08,1686.7730712890625,1708.5247143950876,1680.6380215594768,1694.5813679772823,5131446
2021-12-21,1683.9842529296875,1708.5245631468267,1674.1309783609547,1674.1309783609547,5353584
2022-01-07,1686.494384765625,1706.665715204983,1679.522711092402,1687.5632839518514,4834389
2025-03-07,1686.0,1705.0,1675.5,1703.0999755859375,8019331
2021-10-20,1660.6683349609375,1702.7298385876024,1653.0208604216416,1685.5919958239788,5876115
2022-03-09,1685.611083984375,1702.5754883723225,1664.8355210309173,1664.8355210309173,10193515
2022-03-11,1693.6517333984375,1702.389586111316,1683.4266131638697,1686.2152823187519,4758657
2021-12-20,1672.1790771484375,1700.7629372431988,1661.3962453028737,1674.78176705806,5773891
2024-07-12,1692.479248046875,1700.3891846523227,1647.8870045728747,1661.0866871440046,17078316
2021-12-22,1696.1614990234375,1700.298093040654,1684.6815003040351,1696.440411328864,4156428
2022-04-07,1683.4266357421875,1699.3685506523263,1680.2197115595566,1692.7687229248352,5797544
2022-01-06,1689.7476806640625,1699.2291106192843,1673.2015312443718,1699.2291106192843,6449205
2025-03-04,1688.300048828125,1699.0,1670.0,1695.0,6759673
2021-10-19,1678.9119873046875,1690.2911392824826,1642.1945925739526,1671.402631048473,10324260
2024-02-06,1686.0213623046875,1689.482265094842,1631.915034715095,1644.3936587701817,7694265
2022-04-11,1642.10791015625,1686.2153161182562,1638.389684541877,1686.2153161182562,8248407
2024-02-07,1651.2177734375,1685.5826008994466,1644.4910174524653,1685.5826008994466,4613877
2021-11-16,1666.0439453125,1681.5209682629743,1651.821687309578,1663.9059202499407,6034233
2022-01-21,1659.9088134765625,1680.6379665274264,1650.892161810127,1668.5537333610237,8252758
2025-03-11,1661.5999755859375,1680.0,1637.050048828125,1680.0,12671234
2024-02-02,1650.827880859375,1675.3463573146996,1623.1898079307389,1624.2134887449383,7858483
2021-11-17,1661.5355224609375,1675.0606133120805,1655.261016833936,1666.276350822774,4732492
2022-03-08,1652.937255859375,1673.2016321258427,1597.39625723742,1597.39625723742,10984500
2021-11-15,1661.256591796875,1673.2013677557745,1650.4272380279876,1656.5622870155128,4354074
2021-10-21,1615.7967529296875,1671.4026567494793,1609.5312514537482,1671.4026567494793,8779629
2024-02-19,1657.0672607421875,1668.5222043007818,1645.319802937551,1662.1854270130489,3690993
2022-02-02,1661.2103271484375,1666.5088670537498,1647.1740472951942,1662.976507116875,4253717
2024-02-16,1658.91943359375,1666.0848419685713,1645.5633865705388,1646.5870673405013,4880654
2024-02-08,1649.6092529296875,1663.5014178096662,1640.5428588320553,1655.3611204353756,5919715
2021-11-18,1654.052734375,1663.3947084145373,1635.0897605071605,1656.097713132674,4326924
2021-12-03,1613.29150390625,1660.791808791306,1610.5028349681304,1646.3371627402282,6754012
2021-11-22,1635.4615478515625,1659.6300141776342,1627.7927075750206,1658.3286125273669,6621839
2024-02-05,1644.832275390625,1658.0420657478016,1639.6166443030413,1652.1927331624793,3634135
2021-10-18,1651.2703857421875,1657.5818896196677,1603.219837653264,1603.219837653264,13438109
2021-11-12,1654.7962646484375,1657.259611812744,1615.6155530054455,1620.2168118157374,5069009
2024-02-23,1634.7421875,1655.7997608389408,1629.9165357574213,1654.386219744037,5373072
2024-07-10,1629.694091796875,1655.1541997075497,1619.1146000891124,1638.3455847762305,9852770
2022-02-01,1647.220458984375,1654.6103869533392,1612.5014367732779,1641.6895303385006,5119935
2022-02-03,1616.0804443359375,1653.6809581130783,1611.8509170140965,1653.6809581130783,3832922
2021-12-16,1646.8021240234375,1652.3794625198848,1634.160179459072,1638.482639488067,4481031
2024-02-20,1642.9312744140625,1651.7052732093312,1626.84560995607,1642.6875522253051,3706389
2024-02-12,1637.91064453125,1650.437941775471,1628.4054787576415,1628.4054787576415,3555808
2024-02-09,1627.4305419921875,1650.3892200937316,1618.1204256554395,1642.3950607885656,4600004
2022-02-10,1644.9429931640625,1648.9401310978747,1625.561764795559,1631.97572669043,4334630
2024-07-09,1638.493896484375,1647.985795933563,1632.4131087963476,1641.2129370956347,5191182
2024-01-30,1609.97998046875,1647.5619894272006,1606.8603840670908,1620.7037567312939,4995943
2021-09-24,1625.1949462890625,1647.4465539505666,1614.6910699267025,1619.804833246698,8280446
2024-07-08,1642.9432373046875,1647.244241045759,1621.536947968214,1624.6020241574806,5880533
2024-07-05,1628.903076171875,1647.09595441281,1614.961837113569,1632.8580444548586,7065022
2024-02-13,1642.2489013671875,1646.6845738035847,1621.7274454533292,1640.7377761935397,2696481
2021-12-13,1621.7506103515625,1646.5697210634014,1616.312728057535,1642.5726965906615,4040584
2024-07-11,1634.093994140625,1646.2555700536777,1623.5639875016302,1637.356891296631,8857679
2024-02-28,1629.2828369140625,1645.417293462008,1620.313907941866,1628.0642259664828,3188916
2024-02-15,1634.2547607421875,1645.3685164868652,1619.8751514290893,1634.888462241726,4834391
2021-12-09,1639.2261962890625,1644.7571249791288,1619.287256799063,1635.089715677125,2082171
2022-01-24,1614.45361328125,1644.0599621538975,1606.2734715100635,1640.667058573647,7116712
2021-10-14,1580.8760986328125,1643.3924353349128,1564.7056468057854,1616.1192930216832,19655776
2024-02-22,1639.129150390625,1642.2975387786005,1603.1070592431684,1623.1897433782653,5841277
2024-07-04,1632.067138671875,1641.3118529816875,1609.6721064181852,1609.869806555785,8008311
2024-02-29,1631.8663330078125,1640.00663042187,1611.78364818245,1623.189799169216,7814722
2021-12-10,1635.3221435546875,1639.5051474745374,1623.0055209017958,1636.0193108746626,1823469
2021-12-14,1628.72216796875,1638.8078315891617,1589.8666674694077,1608.9690956934978,4768144
2024-01-25,1627.1868896484375,1638.3494379305807,1616.3656476539222,1630.9401877675061,8865304
2024-01-24,1633.32861328125,1637.8130776691114,1603.6919718843383,1618.217837862279,8999681
2025-03-26,1599.449951171875,1637.75,1595.0,1626.0,6651302
2024-01-29,1615.000732421875,1637.1794522118487,1606.2267333840832,1623.3360791097687,4253785
2025-03-12,1590.8499755859375,1636.9000244140625,1563.800048828125,1636.9000244140625,14870008
2025-03-25,1628.449951171875,1636.1500244140625,1605.0,1605.0,9890140
2021-12-08,1629.8375244140625,1635.8332306630807,1610.5492310884304,1610.9210763046158,3029169
2024-02-01,1615.4395751953125,1634.888559653599,1608.9077486643087,1617.8767972580042,5760011
2022-02-23,1620.077392578125,1634.3925842170302,1611.2931297505831,1626.7237437109643,5478811
2022-04-13,1625.3758544921875,1633.695338709067,1609.9916510066028,1631.3249245503255,6257693
2022-04-12,1619.7054443359375,1633.6953130308984,1606.0410111460226,1633.6953130308984,6456184
2024-02-26,1618.461669921875,1632.8899528016855,1603.6920807570675,1632.8899528016855,2782438
2024-01-23,1600.91357421875,1632.6461314222256,1596.575247906434,1608.6638921289373,9401255
2024-02-21,1613.9771728515625,1631.9638233020942,1603.9845628223832,1631.9638233020942,4300508
2025-03-20,1615.550048828125,1631.9000244140625,1592.0,1592.0,7186750
2022-02-16,1611.2000732421875,1631.7896556994694,1605.2043666781358,1615.8013318044673,5350642
2022-02-04,1618.45068359375,1630.395461069394,1589.6809573668243,1609.991742743561,4700077
2024-03-01,1613.1483154296875,1629.9651458293347,1609.541274772041,1627.0892717108036,6387291
2021-09-27,1585.8515625,1629.9400832402991,1583.0412759873934,1629.7097355744936,5045337
2024-02-27,1621.824951171875,1629.1366170244216,1611.2962237471947,1619.2902641439878,5159088
2022-02-22,1612.1761474609375,1627.6532844822157,1571.9264227292456,1580.1529743169317,8878515
2022-03-07,1617.2886962890625,1627.6532729486894,1576.5276704288847,1577.4572268383358,9742588
2021-11-10,1617.5673828125,1627.606522550514,1600.6493904392423,1604.4141387605137,4780368
2024-02-14,1624.359619140625,1627.5280076395527,1594.430581537359,1618.5102865272197,3768579
2021-12-02,1625.096923828125,1627.1884256605936,1590.7962710813922,1594.1891745260887,5559574
2021-11-09,1619.7520751953125,1626.7237484027528,1604.4143941389436,1612.5480128809575,4016134
2022-01-31,1613.8956298828125,1626.2587742697542,1594.5144033952784,1596.9777503260575,8788872
2022-02-17,1603.298828125,1625.7940462697993,1599.1158245754207,1621.1462645480447,3937950
2024-01-31,1619.1927490234375,1625.383268786271,1596.9652379166782,1606.8603825322964,6763779
2021-12-15,1612.03662109375,1624.8180212575896,1599.9523882115743,1622.0758753382063,3053149
2021-10-22,1584.6075439453125,1624.595804619719,1572.8136996843264,1612.3413775491358,7369809
2021-11-23,1614.546630859375,1624.1675174831687,1589.541539502772,1612.873383850347,8436160
2022-02-15,1615.8013916015625,1623.7026209003477,1571.3685508622516,1579.316303368937,4669915
2024-01-19,1617.535400390625,1623.677247246686,1602.8633957977765,1610.1262695359164,4522736
2024-01-15,1610.61376953125,1623.1410668635503,1594.91808358547,1603.6432907805984,13228305
2022-02-11,1600.091796875,1622.9588603406878,1592.3300240637404,1617.4280454587906,7551371
2024-03-04,1596.087890625,1622.653610339565,1592.627106799118,1616.2193680812534,4445156
2022-02-09,1614.9183349609375,1620.2167609075966,1603.4847461650052,1612.7803099108892,3867244
2025-03-27,1603.550048828125,1619.949951171875,1586.0,1595.550048828125,9426573
2021-12-01,1594.096435546875,1619.19446059033,1592.3302555347523,1594.189368500934,5193264
2021-08-24,1585.5750732421875,1618.883367643922,1578.0657169702367,1612.4336331114762,7602939
2021-11-08,1615.104248046875,1618.3576954530126,1583.0345521863758,1608.132575033723,5245903
2021-11-24,1576.527587890625,1617.8928459455383,1569.0911370043484,1617.428067765146,7333061
2024-07-03,1609.078857421875,1617.5820150242344,1587.919753135037,1606.7058523315286,7269965
2021-08-18,1597.1844482421875,1617.5011554234093,1591.2415240194973,1593.084305170649,6686090
2022-01-25,1600.835693359375,1617.4282536116586,1580.7107731417389,1604.972174251664,9137653
2021-11-11,1611.2000732421875,1617.1956663350047,1588.6118084589873,1610.8746377414077,4731349
2024-03-14,1611.78369140625,1616.1218989393994,1567.6211814173153,1573.8604935025592,8803799
2024-07-02,1602.8004150390625,1615.4068767004535,1568.6393275134976,1578.2300775186434,10493173
2021-08-23,1602.068115234375,1615.3361641041759,1595.848727871136,1599.3039430729355,6189051
2022-02-21,1608.7830810546875,1614.918243556711,1572.3445186217361,1581.1753036805044,5120890
2022-03-04,1601.9046630859375,1613.7099845196744,1562.5843801714127,1575.830559479826,9074499
2021-10-27,1607.156494140625,1611.9902555086298,1581.3148942752448,1588.7048222747915,5090259
2021-12-06,1575.876953125,1611.8042159043232,1572.3445935446819,1608.1325136460534,3991449
2022-03-03,1599.6270751953125,1611.757831353171,1585.4049306519053,1599.0228408535488,7344147
2021-08-17,1604.7401123046875,1611.4201947845895,1553.9715079523235,1569.957613874854,9510390
2022-02-07,1594.1890869140625,1609.991544335368,1575.969805757862,1600.8818470216527,4310209
2021-08-25,1599.1195068359375,1609.5772676903937,1582.9490567553262,1582.9490567553262,6153253
2021-08-26,1591.8865966796875,1608.7480907303855,1584.7919335946524,1597.6914028215856,5302248
2021-11-30,1592.0047607421875,1608.039608335874,1580.2923730201774,1584.4753767402694,14808963
2021-09-23,1605.5694580078125,1607.8268203015487,1585.8055594082584,1595.8487408379842,3826090
2021-08-20,1596.723876953125,1607.8266792408122,1581.1984670438835,1581.1984670438835,6206972
2024-01-18,1601.352294921875,1607.5916069487482,1587.362664653911,1601.401086963131,6375464
2024-01-16,1590.5797119140625,1607.104027837612,1584.1941433036818,1603.496987236385,6500917
2025-03-24,1592.75,1607.0999755859375,1572.699951171875,1597.949951171875,8857726
2022-02-25,1575.2261962890625,1606.4128577798172,1558.8660269296652,1594.1891688636706,9737281
2022-02-28,1594.746826171875,1606.319870629284,1547.7112982991912,1563.6996218781132,15076542
2024-01-17,1599.0125732421875,1606.1293091335122,1579.5635891493614,1579.5635891493614,9209876
2025-03-13,1579.8499755859375,1606.050048828125,1570.300048828125,1599.25,7822888
2022-01-28,1567.41796875,1605.8552169725076,1561.1899862089936,1562.5843208200763,10998502
2021-10-26,1583.6851806640625,1604.9720447485806,1576.4347088846177,1589.5879545339892,5871709
2021-11-25,1601.0679931640625,1604.6002394611276,1577.4107143007454,1580.245906757248,4476260
2024-03-15,1592.96826171875,1604.4719968900688,1577.7112285567396,1599.8899482348922,11809997
2025-03-21,1592.550048828125,1603.9000244140625,1563.6500244140625,1577.949951171875,10074677
2022-02-08,1596.3272705078125,1603.4848094862982,1576.5276735587024,1589.541463316852,6053401
2021-12-07,1591.0750732421875,1603.3916942919116,1574.6683817534035,1581.2682088291988,4202122
2021-10-28,1583.8709716796875,1603.2521974661902,1572.855752431637,1598.2325708488738,5329972
2025-03-19,1586.550048828125,1603.0,1572.800048828125,1603.0,7387068
2021-09-22,1581.9356689453125,1602.2062637510141,1578.388337349204,1582.0277855177217,4553892
2022-02-18,1586.7061767578125,1601.1608234845853,1583.4992527175564,1589.5413690325927,5602215
2021-09-07,1572.491455078125,1598.5207422608962,1570.0497472368866,1594.0059053520033,3520341
2025-03-28,1570.6500244140625,1598.449951171875,1560.0,1590.0,6799047
2022-02-14,1563.69970703125,1597.4891724369757,1560.0280046953023,1570.9502922300378,7459637
2021-11-26,1572.484130859375,1597.3032417313393,1565.3730015961182,1582.6163184689426,4494181
2021-11-03,1582.5697021484375,1596.4665243353438,1579.3162548899827,1588.6118184855682,3530713
2024-03-05,1566.1588134765625,1596.2341083159356,1561.771813999037,1592.9682547281066,4596579
2021-11-04,1588.3328857421875,1596.0482488156958,1584.8935726445902,1594.1891361205116,483407
2021-09-06,1594.3743896484375,1595.8485921809677,1565.7651652203117,1571.1092759344829,4876026
2021-10-08,1588.3394775390625,1595.3881395183994,1564.8901271198124,1571.2016314835405,4738376
2022-02-24,1559.93505859375,1594.14266522489,1552.8239296070788,1571.0432119234858,13592379
2021-10-11,1558.025390625,1594.0057385573562,1532.917496766221,1549.778989741892,8840633
2025-03-17,1590.050048828125,1594.0,1545.1500244140625,1545.1500244140625,7526032
2021-10-25,1573.32080078125,1593.7756301896236,1554.570409270043,1586.680966491757,5905209
2022-03-02,1582.8487548828125,1593.63158691615,1571.8799434783214,1589.5415158769542,6771489
2021-10-29,1550.2677001953125,1591.9582824201227,1544.0397176471827,1579.3163379594278,5875091
2021-08-27,1574.4725341796875,1591.886729105138,1571.155437551549,1589.3990191084895,6698514
2024-03-18,1562.405517578125,1591.652180800484,1558.7008926346352,1589.0687017481803,4958904
2021-11-29,1576.8529052734375,1591.4004849710707,1551.5690177231388,1571.8798014521499,3942776
2021-09-21,1583.36376953125,1591.0113571673237,1552.2208320225757,1566.3641564699292,4672222
2025-03-18,1590.050048828125,1590.050048828125,1590.050048828125,1590.050048828125,0
2022-01-27,1560.3533935546875,1589.2625757009857,1547.711448858858,1582.105036611277,11231734
2022-12-01,1573.693359375,1588.4131997163697,1569.1350267604666,1572.8386357828495,5407928
2024-03-07,1575.85888671875,1587.5575518255266,1563.916499422249,1576.00514383358,6348359
2021-08-13,1577.60498046875,1587.095348879986,1558.3480064183516,1563.5998879821982,5612790
2021-11-01,1580.29248046875,1586.9387182766914,1557.9366025672784,1559.3309372354474,3636806
2021-11-02,1578.2939453125,1586.2415850089997,1567.5575227485247,1575.5982088685637,3471772
2021-08-16,1570.418212890625,1584.7457697081504,1557.242281886615,1573.4587344861675,4564109
2024-03-12,1572.44677734375,1584.194234500033,1557.5310507234428,1559.8220155077247,4614222
2021-09-16,1568.4371337890625,1584.1007738386522,1558.4860704148423,1580.3690969547104,3246568
2024-03-13,1570.935791015625,1583.7068101279422,1558.4084940963103,1572.3981241736378,5688997
2021-08-30,1564.5673828125,1583.5480070354047,1557.5187220947423,1569.174335899343,6559667
2021-09-17,1558.3480224609375,1582.9491073703387,1552.0364066458264,1563.5999040788502,7454864
2024-07-01,1572.890869140625,1581.8883974717737,1541.9431953322917,1541.9431953322917,6801771
2021-09-15,1576.9139404296875,1580.2770387063872,1557.3343896451693,1560.144676041665,4062344
2021-08-31,1572.306884765625,1580.1848190867056,1553.3262616201703,1566.5021916903752,12255438
2024-03-06,1576.9312744140625,1579.4659612493467,1536.4246010669408,1562.5516659967163,6420684
2021-10-13,1574.8409423828125,1578.9411984901183,1547.9824934073586,1562.6325155850786,7104171
2022-12-02,1555.4598388671875,1578.156906801672,1551.708584091424,1572.648790994149,4283343
2024-01-12,1572.2518310546875,1577.3699969905344,1516.3419850612404,1522.7762270081673,26754401
2021-09-28,1554.4781494140625,1575.578017879383,1543.329344998811,1575.578017879383,6557197
2021-09-01,1545.8631591796875,1575.1173122441817,1541.6247846951537,1575.1173122441817,7801974
2021-10-06,1541.993408203125,1574.6566626223348,1538.7224263190749,1568.2990444737916,4271698
2021-09-20,1555.1693115234375,1573.4588949060026,1546.0475208579264,1552.5433704540587,5660743
2024-03-11,1560.406982421875,1573.2755859266636,1548.1234073984251,1567.7674404305787,6752895
2021-09-03,1566.9630126953125,1571.8463155973002,1551.9904148117053,1562.7246382508415,5339139
2024-06-28,1549.111572265625,1570.61671137319,1546.63971719579,1554.8463243060617,8197544
2022-11-28,1541.689697265625,1570.274655717585,1538.460805722702,1546.0581430349127,3825766
2021-10-07,1558.0716552734375,1570.2339673798194,1544.8497213796973,1554.386092517025,5476108
2021-09-30,1543.5135498046875,1569.1282544979545,1538.8144800518135,1569.1282544979545,6914031
2021-10-05,1559.7303466796875,1569.082373052998,1532.2728566341623,1539.643982823623,4373310
2021-09-13,1558.9010009765625,1567.7463295032592,1543.513708277253,1550.7006009720749,4662374
2021-09-29,1559.2232666015625,1567.6540132148752,1524.9014662287404,1528.8173763383913,7792548
2021-09-08,1560.1446533203125,1567.1471994746107,1550.654285029666,1567.1471994746107,4584896
2021-08-12,1556.78173828125,1563.1393567452194,1542.408065541702,1547.1532502453977,5659579
2022-11-30,1552.658203125,1562.9146543363167,1531.9555295760142,1538.4131964015944,11868134
2021-09-14,1553.6029052734375,1562.6324663812607,1546.6463607047492,1562.6324663812607,4945167
2022-12-05,1557.216552734375,1562.0598315274613,1541.5945760571278,1555.5546353888742,3824966
2021-09-09,1558.6243896484375,1561.6650237609822,1549.9172930593818,1553.372507971617,3331674
2022-11-25,1553.322998046875,1561.2526950585648,1532.5727953275873,1549.2869129167052,4563255
2021-09-02,1556.3209228515625,1561.1122217114003,1531.9501851734024,1545.4945827249737,6830050
2024-06-27,1555.6373291015625,1560.6305248893534,1514.8023535712855,1521.1302063332462,14757754
2024-03-19,1522.239990234375,1558.8471103783966,1518.8766716507453,1552.3640763935264,6870411
2022-11-29,1547.0552978515625,1556.2670227216154,1533.7599579167936,1539.6003180757784,3131710
2021-10-12,1552.6815185546875,1556.2288501587389,1531.3513019324002,1545.1721620581438,7439300
2021-10-04,1546.784423828125,1555.307286625093,1534.4838821781987,1541.0257327490924,2947154
2022-11-24,1547.767578125,1553.655468125179,1504.9850263516976,1509.0211117670594,5282215
2023-12-18,1525.0672607421875,1552.9978484848602,1521.1190325303833,1528.5768365987844,6467243
2021-08-11,1545.6788330078125,1551.621757338008,1536.8795078621124,1543.145008879143,4899639
2023-12-15,1538.764404296875,1548.6595487656555,1482.805767064264,1484.804336574525,18395389
2021-08-10,1545.402587890625,1547.9364123751677,1530.4761031896458,1536.879723715345,6846517
2021-08-04,1519.6036376953125,1547.8442856231945,1510.205497386023,1537.8932209049858,6740391
2021-10-01,1534.2537841796875,1546.9689086664596,1530.66033786678,1534.2076696537777,5733906
2022-12-09,1490.3126220703125,1546.0580343078786,1482.525282317243,1546.0580343078786,8880658
2022-12-06,1531.7181396484375,1544.1587558863978,1526.6374436799235,1543.2090887548563,4822398
2023-12-20,1497.8192138671875,1543.736453703341,1491.579901588956,1525.749802492056,6592367
2022-12-08,1538.603271484375,1542.1645233321185,1518.0429542981685,1524.6906244139566,4206837
2022-12-07,1524.6905517578125,1542.0695063171079,1516.3334347828827,1527.0647195431718,4898087
2024-06-21,1515.4449462890625,1540.2129838112476,1506.5462675188483,1527.6065222201107,17301941
2023-02-09,1535.6116943359375,1538.2232788501144,1506.2195440832118,1515.8585723673368,6904911
2024-03-21,1515.6595458984375,1537.3508213569726,1504.6433740348427,1524.7260591977042,11062497
2021-08-09,1532.5491943359375,1536.3728757564772,1516.977669031001,1530.4299507388728,5018477
2024-03-20,1515.9031982421875,1535.4009730368005,1513.3685113198824,1523.7511001990085,4759059
2021-08-05,1523.5655517578125,1535.0368203414143,1517.576512542795,1519.8338746417546,5420536
2023-02-10,1527.587158203125,1534.9470787009045,1516.0960928140455,1531.7656009706081,4786762
2023-12-19,1519.169189453125,1534.426103214024,1504.4970661373063,1530.6728053207835,4221721
2022-04-18,1507.182861328125,1533.7681532909182,1477.994765898521,1492.4028909748904,30523965
2023-02-16,1521.1768798828125,1533.1900765312741,1517.425625102757,1519.4674326506145,4290289
2022-08-11,1521.7823486328125,1532.491541169751,1518.071761174865,1531.2233729672216,3462090
2024-06-26,1523.3548583984375,1531.4131304051218,1517.7190768799755,1523.6515292977476,4851004
2023-12-27,1527.7481689453125,1530.5753701816755,1505.2282621404502,1505.2282621404502,4225849
2021-08-06,1520.478759765625,1530.1073592522857,1514.766182897758,1526.7442609863654,3754855
2023-12-28,1523.4100341796875,1529.551762325788,1515.9521109262243,1529.551762325788,5702253
2021-08-03,1525.0859375,1528.2648030994583,1507.0267011398894,1517.5305782749354,5513668
2022-11-16,1522.12646484375,1528.0143544568991,1513.2945144978673,1516.7608225766776,4497697
2022-08-05,1518.6822509765625,1527.1837589913903,1505.2018730993477,1510.9321947607173,5361971
2023-12-22,1523.6536865234375,1526.6758179175536,1484.7556006950408,1496.4054739258181,6741060
2024-06-25,1524.5908203125,1526.5189398093207,1503.2340152668712,1508.8204322252652,4551525
2023-02-03,1518.8975830078125,1523.8833352830836,1493.8263483812175,1517.0931923324824,7040194
2022-08-08,1521.265625,1523.708044059588,1499.283624117819,1519.0110402246323,3763409
2022-08-10,1505.3428955078125,1522.9566620220992,1491.8625158034702,1522.9566620220992,4423829
2024-06-07,1516.3348388671875,1522.3661414522455,1460.6192464633557,1464.3270292856523,24075302
2023-02-08,1510.445556640625,1522.3163956585488,1486.7038786047774,1486.7038786047774,7983338
2023-02-20,1512.2972412109375,1522.3162749178825,1502.848100472582,1505.174738365096,2417716
2022-11-17,1507.5015869140625,1522.126483528439,1503.275498737607,1516.8082549950946,3469515
2022-04-19,1451.9669189453125,1521.3583183996523,1440.8122435116738,1521.3583183996523,17044923
2023-02-21,1499.9991455078125,1521.034294411941,1496.675310744104,1518.2327069839785,2723288
2023-12-29,1504.156005859375,1520.29034465994,1501.3288044396281,1502.3524853173762,4388990
2023-02-15,1516.6658935546875,1518.5176980354863,1496.6753546616176,1504.272691487311,3465747
2024-01-01,1512.3936767578125,1517.9018221356007,1496.6979912868856,1500.3538241918363,2808451
2022-11-18,1513.1995849609375,1517.5680304490884,1496.2005206336287,1511.5850813302957,3126064
2023-02-06,1490.8348388671875,1517.5679902919167,1483.000085475505,1517.5679902919167,4570612
2022-11-15,1513.769287109375,1517.4254820893707,1493.5888621714364,1498.4321409713107,3497614
2023-02-13,1488.5555419921875,1516.6182491404184,1487.178571167123,1516.6182491404184,4001199
2022-08-12,1497.4989013671875,1516.1930015827559,1493.7883138062268,1515.5354668440655,3562286
2023-02-14,1513.05712890625,1515.6687134689314,1498.717178674577,1504.9374287136304,5043736
2023-02-17,1504.0828857421875,1514.7191115026487,1496.20060198898,1513.7694443481016,2857734
2022-08-17,1508.91259765625,1514.3141524805449,1488.9503298273346,1499.7064235647922,4067324
2024-01-09,1490.8974609375,1514.0022774537665,1487.5340232388173,1503.181035781654,4412074
2024-06-10,1482.8658447265625,1512.577590710621,1480.4434750556031,1508.1282516199265,6810606
2022-04-21,1504.7659912109375,1512.574174430056,1477.2975533718266,1482.642502833452,7766514
2024-06-24,1509.9573974609375,1511.8853961182992,1498.3396787453364,1507.3866923524395,5564989
2022-11-23,1503.465576171875,1511.8701072890967,1499.809380818752,1508.9261623005887,3245067
2022-08-16,1499.706298828125,1511.4958242462717,1494.6805276920381,1511.4958242462717,3004430
2022-11-14,1505.50732421875,1511.3002704367061,1489.5053405854069,1495.8681798134583,4908813
2024-01-02,1495.869384765625,1510.2489944333963,1484.7556287468262,1507.1780709406391,5396313
2023-12-26,1505.179443359375,1509.1277904130268,1484.7555715756073,1496.4542366175685,6878067
2022-12-14,1499.904296875,1508.546244622132,1493.8264040230492,1502.3734082418714,4976020
2022-11-22,1505.2698974609375,1508.0713690619673,1483.380024228459,1490.0276939913267,3399329
2022-11-21,1489.2679443359375,1507.9289265935977,1485.3269184941416,1502.4683406054828,3071764
2023-12-21,1497.4290771484375,1507.8116658398162,1483.049468497435,1483.049468497435,5319038
2022-08-19,1500.3170166015625,1507.644388817485,1489.0442068373436,1489.2321558038511,4739884
2023-02-02,1504.0352783203125,1507.0741666874173,1473.8833477209946,1473.8833477209946,6916834
2022-08-04,1502.9473876953125,1506.6579750474614,1479.5092685441577,1491.2987946481946,7402209
2021-08-02,1503.2950439453125,1506.2434492001814,1491.915778802808,1499.5172520897947,5553389
2022-08-22,1480.1668701171875,1502.1018555167545,1478.6168358870366,1489.8896453093012,3950555
2022-08-18,1487.0244140625,1501.350275911553,1478.6168229776445,1497.4987556604951,4635706
2024-01-05,1494.0657958984375,1501.0361552312236,1468.4261742661085,1468.9136186393089,8895403
2024-06-20,1498.3397216796875,1500.4160558385076,1482.223178040366,1499.2296136609104,7927010
2024-06-19,1494.3353271484375,1498.5869663955543,1479.8502314530917,1488.0568390431806,5493456
2022-12-13,1493.0191650390625,1498.0998608748641,1463.5794847302698,1469.3249011703217,6135067
2024-01-08,1484.5606689453125,1497.4291531280155,1475.25043357485,1490.5561396864723,4440136
2022-04-22,1473.76513671875,1497.2364356232931,1470.9300578051032,1491.3337752266955,8134245
2024-01-10,1481.7333984375,1496.8928467237058,1467.2075326192125,1486.656515100781,4096845
2023-02-07,1483.7598876953125,1496.7228666860758,1476.8272715533924,1490.0276673171509,4336238
2021-07-30,1483.899658203125,1495.7856202142018,1479.8916313262764,1483.43896287304,6234257
2023-02-22,1483.190185546875,1495.7257454237704,1477.0173491371897,1484.3297397443512,3656244
2022-11-01,1493.8262939453125,1495.7256280762028,1469.2298937650505,1474.8804823601427,4542692
2022-11-11,1491.072265625,1494.301156896312,1468.80261887235,1468.80261887235,7214098
2022-11-02,1475.1180419921875,1493.5890218335553,1467.2357582151283,1492.8767714654898,2938906
2021-07-29,1489.8885498046875,1492.6527215111896,1474.3170266965049,1474.3170266965049,4660873
2024-06-12,1468.4796142578125,1491.7645373360758,1466.0572445634243,1490.0342387840703,9564320
2024-04-01,1457.8973388671875,1491.5310008640356,1455.3139788743078,1486.705349136043,6580002
2022-12-15,1462.9620361328125,1490.9772130662225,1457.9762843056803,1490.3124925263978,6443866
2023-02-23,1472.6488037109375,1490.8349528257888,1470.227222033189,1490.8349528257888,4766854
2024-03-22,1470.9609375,1490.507505481145,1460.5783480113241,1482.8058601841237,14673890
2024-06-18,1481.333251953125,1490.0342300420084,1478.5648467037877,1480.1468098028445,5420939
2023-02-24,1472.601318359375,1490.027686536762,1467.2356760352438,1481.4806825986927,2790986
2023-01-24,1473.788330078125,1489.8377265390116,1471.7465227187722,1481.480610060516,5200802
2024-06-11,1478.910888671875,1489.4903800951365,1477.1311047427057,1483.1625276715306,4853054
2022-04-28,1471.115966796875,1488.9635181339042,1447.7376001523535,1459.4035786054997,9245177
2024-06-13,1477.131103515625,1488.056751196517,1472.5829143289184,1478.169330922786,7307565
2022-12-12,1469.3248291015625,1487.1310864794712,1453.0381317608258,1471.9839432404588,8037679
2024-06-14,1472.1380615234375,1486.7713714372505,1469.3201708217953,1486.7713714372505,4237727
2024-01-11,1456.6787109375,1486.7053317981001,1449.2695802980581,1486.6078667248785,11296088
2021-07-26,1477.8184814453125,1484.95925896066,1468.788808113547,1468.788808113547,4586710
2022-04-29,1457.1260986328125,1484.7803999846153,1450.8515932840842,1477.9945932560154,9831395
2022-04-20,1475.856689453125,1483.8509654789939,1452.8966911617154,1464.051368253168,10678747
2021-07-27,1476.57470703125,1482.794094238376,1472.290217793673,1478.8320692499822,5892859
2024-01-03,1452.584228515625,1481.7820987955436,1450.6344510276845,1481.7820987955436,7550363
2024-01-04,1474.7142333984375,1481.5872470089262,1455.4115066499028,1467.1588452330689,7056038
2021-07-28,1479.385009765625,1481.2277913205085,1460.8650776339373,1478.924314376904,4686788
2022-04-26,1469.628662109375,1479.8537824656073,1456.196617575366,1466.096302415999,5345435
2023-01-25,1465.3363037109375,1477.6819757447952,1461.3002186229457,1469.1349720290475,4158617
2022-05-05,1473.4864501953125,1477.437065163536,1447.7376680843774,1450.1546056654654,6144870
2023-02-01,1473.028564453125,1476.7798189235057,1451.1388081142504,1464.5765043715096,6194199
2024-04-09,1457.3125,1475.7867141771992,1449.9521609573267,1452.5843131173592,9423230
2023-01-23,1470.084716796875,1475.1179989548232,1451.186317730339,1457.7390441105963,4855020
2022-05-09,1459.728759765625,1475.0200294731387,1414.9241900590332,1431.5167478512446,6832202
2022-08-03,1471.1956787109375,1474.8593650363837,1446.5834218005325,1455.1319467779354,6011955
2024-03-28,1460.43212890625,1473.8368491211518,1449.8058178076242,1449.8058178076242,12499530
2023-01-18,1467.6156005859375,1473.7409071818465,1462.1074848813685,1466.9982937684347,5843098
2023-12-14,1463.7467041015625,1473.0569395078553,1424.6536880122437,1426.6522576036398,12489858
2023-01-27,1442.686767578125,1472.8861111624722,1431.5281793895876,1468.1853054875512,6209955
2021-07-23,1465.4256591796875,1472.8428986229605,1460.4502398363973,1463.6751069900915,4179719
2024-04-10,1468.96240234375,1471.9357416004173,1447.2711278594095,1462.6742985621595,6744595
2023-01-19,1461.4427490234375,1471.5567270011688,1449.3344932859384,1462.392416140104,6165284
2022-12-16,1445.583251953125,1471.5092108477222,1435.9442233709804,1448.242366274783,9630453
2021-07-15,1456.534423828125,1471.322676675159,1433.6838901015094,1435.4345548786566,10021355
2023-01-31,1456.5518798828125,1470.9393592898691,1436.846288027837,1470.9393592898691,9448126
2024-03-26,1455.167724609375,1469.5960067869105,1450.5370030210322,1454.5340231173436,8351081
2022-08-01,1457.0577392578125,1469.2229344378438,1444.7045951033635,1469.2229344378438,2983249
2024-04-12,1447.466064453125,1468.9624088870332,1442.3478985407633,1466.232672798451,12275616
2022-10-31,1460.255615234375,1468.56520222129,1453.2280556259238,1453.2280556259238,4542336
2021-07-22,1465.1954345703125,1467.637142400905,1438.6594501047052,1438.6594501047052,7854575
2023-01-20,1448.7646484375,1467.2356266222496,1447.292618105054,1460.5879571165178,6496429
2023-01-30,1461.34765625,1466.2858783818624,1443.4938699096053,1451.8509860532263,6964719
2022-11-03,1453.702880859375,1466.1910261307087,1445.0609336276082,1461.3002174897033,3174027
2021-06-30,1456.534423828125,1465.9325637220447,1448.472255422991,1448.472255422991,6058722
2023-01-17,1462.0125732421875,1464.5766281693855,1447.2927324593009,1450.1417339011498,5922644
2023-02-27,1433.3326416015625,1462.4873760391506,1426.4000252018209,1462.4873760391506,4920268
2021-07-06,1439.3966064453125,1462.0167946899492,1434.697536044084,1449.9926002306815,4089574
2022-04-25,1451.13037109375,1462.0062482901396,1444.6234767522496,1462.0062482901396,7000570
2022-04-27,1443.415283203125,1461.959888764139,1441.1378018458768,1461.959888764139,8819356
2022-07-29,1455.789306640625,1461.4257111802513,1435.4043560914877,1439.913525592366,7009465
2024-03-27,1446.588623046875,1461.3582111567587,1444.3464503633604,1458.4335449569787,6857402
2023-09-15,1454.8114013671875,1461.3559824235447,1452.3091030165726,1460.9709863347628,8657816
2023-10-11,1438.257568359375,1461.2115347213005,1425.7940107127622,1440.7598666081255,7220129
2022-06-03,1429.486083984375,1460.7681750162806,1426.010347057694,1432.4922352061812,9395707
2021-07-05,1454.8297119140625,1460.4041702983543,1438.3369093710053,1445.8001510902595,4058338
2023-12-11,1451.121826171875,1460.383268797762,1444.7850496383735,1452.5841592180677,3862018
2022-08-23,1448.9317626953125,1460.2984890158484,1440.1013725707917,1454.192384044087,5551574
2022-05-04,1427.38037109375,1459.403543588453,1422.3607438546755,1438.2561355523783,6220959
2022-09-13,1451.327392578125,1458.8896157860595,1447.8986709889878,1457.8562977178415,4947158
2022-05-10,1443.60107421875,1458.6134326172044,1437.1407026942898,1448.2488561705168,6212545
2021-07-14,1452.9410400390625,1458.3772677489385,1417.1910353303938,1431.8411701843131,5657716
2024-04-04,1449.3670654296875,1458.0923911957811,1431.1366933009367,1453.1204823429377,11186915
2024-06-06,1455.675537109375,1457.7025066654837,1421.316749597369,1428.6828298646863,12660930
2022-10-27,1447.2452392578125,1457.6441643387143,1436.3715965174536,1453.750552121818,6760137
2024-04-03,1443.468994140625,1457.556088416466,1437.9608491209642,1441.8604039660381,8736248
2023-12-08,1453.705322265625,1457.1661057796869,1429.4305696098752,1433.4763815533283,6323433
2021-06-28,1448.241943359375,1455.9355331888175,1437.9223000624263,1449.2554506317624,5019178
2023-09-14,1450.3360595703125,1455.7257698003427,1442.8291645801598,1448.459365193852,6444213
2024-04-02,1445.61376953125,1455.655171330443,1443.6639920172302,1447.56354704527,7279400
2023-01-03,1445.91552734375,1455.5071407930025,1438.8404386863897,1443.3513569055767,4551130
2022-08-25,1426.1513671875,1454.8499932208183,1422.0179806757187,1454.1924585209001,4331088
2024-04-15,1431.282958984375,1454.4852401048813,1424.3612725787823,1442.8353670070512,8531224
2021-07-12,1426.1746826171875,1453.9546368620095,1413.1830952389778,1447.0903206067856,4588982
2021-06-25,1450.453125,1453.9544544809235,1421.705781536163,1448.426110547536,9780240
2024-04-08,1439.6181640625,1453.5103286973067,1437.083477123109,1445.7600107661935,6610887
2022-12-30,1432.287841796875,1453.370520500769,1428.3468161609976,1451.091296326543,5060544
2022-08-02,1450.05908203125,1453.2530677521088,1435.7332195340168,1452.8303832525185,4374635
2022-12-22,1445.44091796875,1452.943195639846,1435.6593000484256,1444.9185546708645,6302640
2021-07-01,1437.738037109375,1452.8948687796883,1436.4941821883908,1452.8948687796883,4814317
2023-12-12,1438.9844970703125,1452.5841466805362,1430.7954082813214,1440.3980380674445,6103494
2022-08-24,1444.32861328125,1452.3135194359756,1438.2225085746952,1441.9801114710367,2888426
2022-09-12,1443.1075439453125,1452.219801019624,1428.9696299169625,1433.3378668162961,5494819
2021-07-08,1438.060546875,1452.1117551657858,1427.2342060607882,1444.7406295050457,3326813
2022-11-09,1435.1368408203125,1452.040961166421,1425.545226524981,1452.040961166421,3334755
2022-05-06,1434.166015625,1451.8275865671303,1426.9155440578145,1440.8123663316806,6171472
2022-08-26,1429.3453369140625,1451.3272239542184,1425.49370188545,1442.1211648934816,3079136
2023-01-16,1448.7171630859375,1451.091330839274,1426.6849327054385,1433.9973230152511,6073063
2022-10-28,1437.083740234375,1451.0438002451735,1431.1483208545865,1449.1919957691434,3053981
2022-11-07,1431.5755615234375,1450.996322433026,1416.0485282961404,1444.8234865503698,4898592
2021-07-16,1433.1771240234375,1450.8678930061014,1427.7870109056578,1450.0386188784928,6265593
2023-09-22,1439.94189453125,1450.3360841129622,1429.4031992451362,1435.8515607065024,5455613
2021-06-29,1440.179931640625,1449.9466516034265,1436.6324870891565,1438.2910355151537,5913567
2023-01-02,1447.292724609375,1449.6668924647054,1428.346911494305,1437.7960531880537,3801140
2024-04-05,1441.9578857421875,1449.3670162326734,1438.9845465413525,1442.8841014316051,5072482
2023-09-13,1442.0592041015625,1448.4593970271496,1432.7236656127873,1448.4593970271496,4804686
2023-09-18,1435.75537109375,1448.363200355776,1432.098084368438,1448.363200355776,3991916
2022-12-28,1434.1396484375,1448.1946505327953,1423.0760046621376,1429.3437836996443,5029860
2023-09-21,1445.3314208984375,1448.0262759351206,1420.548811217642,1430.7025099446616,6779195
2023-10-12,1410.443359375,1447.8819681190053,1397.450534160696,1435.8515744020572,11081662
2023-09-12,1444.7059326171875,1447.4970075248368,1421.6075761141317,1426.8047298241825,6793161
2023-02-28,1412.67724609375,1447.2925631933667,1406.7418271173992,1439.315336903921,9679811
2021-07-07,1441.6077880859375,1447.0901299365482,1423.2260896134326,1442.943872012725,4797120
2022-07-22,1415.0194091796875,1446.6771688894544,1401.7268655049782,1441.0407643353396,7020642
2021-07-09,1440.04150390625,1446.4912386108886,1429.076932413475,1433.6838857739313,3436594
2021-07-02,1444.556396484375,1446.0766011724793,1421.3372831662664,1436.4019987418803,5166064
2021-06-24,1436.63232421875,1445.4316503308628,1392.4055709337258,1397.7496819454464,10785137
2022-12-27,1438.6031494140625,1444.8709289414135,1422.1264488018237,1433.9497575482776,4860076
2022-12-29,1441.1673583984375,1444.7286100343672,1425.4503214747378,1428.2993227834813,4624745
2023-01-04,1419.5623779296875,1444.4436087112533,1416.0485402265701,1444.4436087112533,7059590
2022-12-21,1433.5699462890625,1444.4435876759246,1426.7322739514723,1438.7455853576764,6236361
2022-11-04,1437.7958984375,1443.9212044745173,1425.5927001597702,1443.9212044745173,4509682
2023-03-06,1431.5755615234375,1443.8738194914995,1417.9953921372862,1419.3249492049356,6561742
2022-06-06,1437.330322265625,1443.4833290544116,1402.52547476219,1424.1316944001876,6624883
2022-05-02,1432.4464111328125,1443.3686988231502,1423.1508471410357,1441.6490421789197,7072627
2023-01-13,1427.967041015625,1442.9242987091234,1394.1113837495527,1408.8312246542653,11610426
2023-07-19,1419.5382080078125,1442.492291880872,1405.8235599629486,1430.1731224328155,13687062
2024-05-27,1434.402587890625,1442.4454203549983,1423.5813461941,1434.8900322824052,5821844
2022-07-21,1440.0074462890625,1442.402849420552,1412.013257803952,1425.0709512875833,5008061
2024-05-23,1435.4261474609375,1441.0317574928886,1413.5886167528652,1418.1705460465594,8641428
2022-05-11,1419.2003173828125,1440.7659817459307,1405.1175143981752,1440.7659817459307,7846080
2023-10-10,1438.9794921875,1440.759966979824,1413.9081044190082,1428.1521377262288,5688951
2022-12-19,1431.4808349609375,1440.5502031181818,1419.7999979221552,1432.0506120973853,6222740
2022-05-18,1402.8863525390625,1440.533383493254,1399.261173668606,1414.7847188217188,6594126
2022-10-25,1433.8074951171875,1440.0075174980905,1428.8756408889544,1435.4983477630974,3914341
2023-12-06,1437.278564453125,1439.910716536068,1414.6124004995274,1420.1692188990637,5269178
2022-12-20,1431.4332275390625,1439.6952847154498,1407.8339080005258,1425.4502786001913,7396259
2023-12-13,1412.61376953125,1438.9845572752818,1397.161806964356,1438.9357652368012,8549258
2024-05-28,1430.2105712890625,1438.9357778958592,1423.6300723047827,1438.4483335266534,6186922
2023-09-20,1434.2635498046875,1438.9313191053773,1420.741340170629,1420.741340170629,4169337
2024-05-24,1428.3094482421875,1438.4483147906044,1423.3375395420417,1431.38037152918,5277938
2022-11-10,1426.3524169921875,1435.8966174668444,1410.2556064406508,1410.2556064406508,3435763
2023-12-07,1429.08935546875,1435.8647842669889,1425.0923356379556,1435.8647842669889,4424453
2021-07-20,1428.20166015625,1435.2502088373953,1417.0988575375195,1417.3753197296792,5069939
2023-10-09,1420.0194091796875,1434.9852649392076,1407.267192707223,1409.8658280638936,3567552
2023-12-04,1427.5782470703125,1434.9387043729032,1412.9062435071905,1423.776157331259,5511948
2021-07-13,1423.5023193359375,1434.0523088708458,1415.5323808670455,1434.0523088708458,4456160
2022-12-23,1421.7467041015625,1433.9024903085615,1417.8530918704073,1432.7628201431853,6283822
2022-12-26,1426.7799072265625,1433.9024106413056,1421.034374768205,1424.975516509595,4115459
2023-09-25,1418.7684326171875,1433.8785603161245,1416.2661341904247,1433.8785603161245,4217863
2022-07-20,1423.4739990234375,1433.3377068754269,1409.1011217127898,1410.2753726475505,5079392
2022-07-28,1425.4468994140625,1432.0696067267902,1399.566359642804,1405.7194811946947,6636841
2023-11-23,1412.8575439453125,1431.0392432298888,1411.3464187562147,1431.0392432298888,3186928
2021-07-19,1420.508056640625,1430.8277003971154,1416.6843750551855,1423.2722288562902,5669162
2023-01-05,1400.948974609375,1430.1038265295567,1395.2985012707659,1430.1038265295567,9868404
2023-12-05,1417.439453125,1430.0643338642167,1405.7895801425905,1428.9919800381958,5123039
2022-10-24,1425.869384765625,1429.580086478054,1419.4345126560743,1426.4800181788542,982837
2023-10-06,1423.1474609375,1428.729610822957,1408.3261093158783,1414.2931378271037,3598672
2024-05-29,1414.5147705078125,1428.6994492848924,1413.5886738062734,1428.6019842118312,7401634
2022-06-08,1409.1011962890625,1428.077046529909,1401.5859899088541,1428.077046529909,4697608
2022-09-09,1420.045166015625,1427.8891393399101,1390.313109357281,1397.8283153538068,4816910
2022-06-07,1415.3951416015625,1427.7482850745741,1411.5436212504087,1427.7482850745741,4904592
2023-09-06,1421.9443359375,1427.1896579675465,1408.3260245518554,1426.2272264924163,5075786
2022-05-31,1412.4830322265625,1426.0104267987692,1397.9693356095495,1419.152755029964,16033857
2023-03-01,1420.7493896484375,1425.3077217823532,1406.931688156361,1417.28308184507,5125043
2022-07-25,1412.4830322265625,1425.2119590464167,1390.4071132346185,1390.4071132346185,7859626
2022-06-09,1423.192138671875,1425.0239242683149,1391.722213493322,1395.010116123917,4361061
2022-07-08,1422.67529296875,1425.0237946341038,1409.0539833096989,1423.192009204301,3652582
2023-09-05,1423.3399658203125,1424.4467855398218,1401.781476769291,1409.9621445018959,5496840
2023-09-26,1405.7755126953125,1424.3023179991635,1404.1874773152638,1423.5804944158967,3996528
2023-11-29,1422.9476318359375,1424.019985687176,1413.3937932462945,1414.6610772504935,3875778
2023-11-30,1418.609375,1423.9712630744903,1413.1500218524227,1416.7570625914543,10120867
2024-06-03,1390.072509765625,1423.7885904417358,1388.1938756806924,1423.7885904417358,10589244
2024-05-22,1418.2681884765625,1423.2887702903897,1392.141122607156,1392.8722891631471,7173285
2023-12-01,1415.8309326171875,1423.2400630722807,1409.8353432010701,1423.2400630722807,3489187
2022-06-01,1388.9510498046875,1422.957311698159,1382.8918460542604,1421.3133603560418,8738508
2023-03-09,1405.88720703125,1422.9336852149847,1400.3790914455014,1419.752323594837,5104656
2023-09-11,1420.98193359375,1422.5219179729784,1409.4809242238869,1414.389301350815,4182226
2023-07-18,1419.7789306640625,1422.4256173428578,1375.314641454027,1380.1267990518368,16743977
2023-11-22,1421.19287109375,1422.313897955222,1400.135178834329,1400.135178834329,3108786
2022-05-30,1419.2467041015625,1422.2212390823909,1380.3912026387911,1382.2503153696177,10904213
2022-07-07,1407.8798828125,1422.2057445008938,1405.061680513144,1411.9663678849226,3323472
2022-06-02,1416.616455078125,1422.111927012372,1386.179845177665,1394.0708351034068,7205840
2024-06-05,1414.0,1421.8110864360426,1384.3872234948608,1384.3872234948608,9233424
2022-05-13,1398.4246826171875,1421.524136657242,1392.5684318594313,1412.275095787939,6723761
2023-03-08,1417.568115234375,1420.7020632148744,1406.5519994267656,1415.526423593014,4137080
2024-05-31,1391.061279296875,1420.5752067295282,1384.2389346938157,1393.928655515095,37113815
2024-05-17,1408.031982421875,1420.4130229402253,1403.1087462365952,1420.4130229402253,7542860
2023-10-05,1408.4703369140625,1420.212071748274,1395.718119491685,1397.450543191847,7384621
2022-05-12,1402.5147705078125,1419.8974301562528,1398.3317666219184,1407.3484184985707,7034979
2022-10-18,1412.576904296875,1419.387559938761,1406.5178151467205,1418.495175068658,4692004
2023-09-08,1414.3892822265625,1419.3458278549406,1405.3424028003315,1408.5184736841536,3125838
2024-05-16,1416.8546142578125,1419.1943711797644,1391.1663181683145,1397.9417477290901,9249145
2023-01-11,1397.1976318359375,1418.8025569841227,1390.3125457997025,1396.0105480365867,6173092
2024-04-16,1378.931396484375,1418.6094414985291,1377.5666473872368,1414.5636292334955,16173541
2022-07-05,1386.508544921875,1418.44817166187,1382.7979576844957,1407.9739446310828,7379669
2023-09-07,1411.116943359375,1418.0465202819214,1407.1229468339543,1415.3516652313242,4411743
2022-05-17,1411.4849853515625,1417.5736256568177,1376.5802077665,1389.5939984282675,6516378
2023-09-28,1385.3719482421875,1417.2765753321378,1381.0891751457389,1412.7531943654549,5814602
2023-11-16,1408.6168212890625,1416.9033759147449,1375.1780885504938,1380.5399768377001,6673907
2023-11-24,1401.30517578125,1416.1722298842824,1397.844272961831,1409.250543250424,2973195
2023-07-20,1395.04443359375,1415.7367104631985,1386.5749895557858,1415.7367104631985,8347221
2023-11-20,1400.525146484375,1415.5384569499909,1397.6492722902194,1405.7895695054317,3584210
2023-03-03,1404.8426513671875,1414.8141563712202,1398.859701994302,1411.9176252138686,4615015
2023-09-04,1410.058349609375,1414.7742873975628,1380.8004088765358,1388.7886372208727,4609014
2022-10-21,1409.5709228515625,1414.7376273338575,1400.9753824600634,1409.3830885577504,3594485
2023-11-17,1401.4512939453125,1414.5634993177039,1399.014072202863,1404.863404384742,4901251
2023-09-27,1411.886962890625,1414.3892612093837,1395.5737965094368,1401.300216747614,3863586
2023-01-09,1409.7332763671875,1414.3866683296867,1375.3078440863833,1375.3078440863833,11498717
2022-10-19,1395.432861328125,1413.7511767815886,1391.5344397776696,1412.8587918979067,3553171
2023-03-02,1398.052490234375,1413.6744681705077,1393.4466278337718,1410.2556896837798,4644499
2023-11-21,1402.864990234375,1413.5887670881473,1400.671490423376,1405.7896566490401,3793135
2024-05-09,1403.401123046875,1413.5398706650476,1389.070187270275,1391.702458252086,6088406
2024-05-30,1391.60498046875,1413.4425135546842,1385.8532317092915,1406.5696188657616,9663150
2022-10-20,1409.9466552734375,1412.858774760229,1384.864585614551,1385.6161521086021,4583939
2024-04-23,1406.1795654296875,1410.5177727918183,1397.01558732246,1406.7644748822818,4856174
2023-01-12,1406.0771484375,1410.2557070510322,1381.765692767173,1407.3591758950406,6591385
2024-05-06,1390.093994140625,1409.396721400041,1381.5149249108958,1384.34212629376,6445422
2023-01-10,1395.773193359375,1409.211005750958,1380.863466546819,1407.4066151104566,7158624
2024-04-26,1394.3345947265625,1409.1041826667683,1391.166206379867,1403.5472455480428,8062444
2022-07-06,1401.25732421875,1409.101298512545,1380.919272542294,1392.3799172343465,5209162
2022-07-11,1383.8782958984375,1409.0072670159632,1377.5373405697162,1404.4041802131167,4702638
2023-11-28,1406.471923828125,1408.7142155101646,1391.2150104004527,1407.7393267797077,3755373
2024-04-25,1402.3287353515625,1408.6168394634037,1384.342084739857,1384.342084739857,9089398
2024-05-21,1398.1368408203125,1408.4218465846711,1392.5312300418993,1394.091028370548,6752663
2024-04-18,1383.61083984375,1408.4217105958376,1372.155897185188,1385.4143602060183,22107945
2022-09-14,1385.991943359375,1408.1147630780436,1382.7979577506333,1406.2829774135175,14332197
2024-04-24,1394.8221435546875,1408.0319343299564,1391.215102614899,1408.0319343299564,4268213
2024-05-07,1404.765869140625,1407.1056258956999,1380.0524636141442,1389.1676494467551,6080661
2022-07-26,1363.21142578125,1405.9541600468485,1357.4340882151573,1405.9541600468485,7268273
2022-08-30,1402.478271484375,1405.4374067131885,1377.161467725179,1383.831189961702,6725875
2022-05-16,1384.202392578125,1405.3498003730658,1374.4885737267464,1403.6301437521206,6145331
2021-06-23,1384.9884033203125,1405.1207668953666,1380.8421453196377,1405.1207668953666,5529809
2022-10-17,1399.66015625,1404.404176091931,1386.0858607516016,1387.401044787548,4286396
2023-07-17,1369.49169921875,1404.1392292539929,1361.1667616838333,1372.3789933883536,11569884
2023-03-13,1362.8673095703125,1403.893000180322,1356.1246959618977,1390.502600567496,8798403
2024-04-29,1398.7216796875,1403.644915637581,1392.3849026058003,1394.042165932869,5055957
2024-05-08,1391.458740234375,1403.5960573933144,1389.8013579805015,1399.2090580821355,6234983
2022-10-14,1384.9114990234375,1403.4646630768293,1378.3356940424885,1395.010056672752,14990688
2022-06-10,1387.3070068359375,1403.417637186279,1384.300855776559,1396.0433645875587,6516436
2022-07-18,1399.61328125,1403.0890183567024,1360.2993805249484,1362.131166224139,5835171
2021-06-22,1393.0045166015625,1401.849844885735,1384.020957216577,1391.0235040884447,6427862
2022-07-04,1397.828369140625,1401.8208224799043,1373.4039487120926,1390.5480130513508,4800224
2024-04-22,1396.7718505859375,1400.76887064284,1377.5665898951036,1384.2445540030346,5859087
2023-01-06,1375.5928955078125,1400.7590755084732,1373.69356116814,1396.0107396592919,6443714
2024-04-30,1384.8782958984375,1400.4765162868387,1381.9536295756125,1398.672876850448,6936588
2023-03-10,1397.482666015625,1400.0942505380838,1384.282270153238,1386.5139646508344,3699580
2024-05-10,1389.1190185546875,1399.8914679545853,1377.5178185044335,1399.0141632741681,8777481
2023-10-18,1386.4306640625,1399.3753199944479,1384.3132443944826,1387.8261426629942,4264837
2024-06-04,1377.9603271484375,1399.0699449345661,1343.0576858974464,1393.1374928712394,13736134
2023-10-17,1388.25927734375,1398.7498042447369,1384.0246727093536,1386.1419750265518,3923764
2022-06-28,1390.4541015625,1398.063225023131,1364.9493471920775,1379.9797598246125,4412178
2024-05-14,1388.9239501953125,1397.7467409573117,1382.441035231992,1390.5813324681328,3463230
2022-07-19,1394.211669921875,1396.7480061211304,1381.0130432891815,1382.375243203774,3418540
2021-06-18,1385.126708984375,1396.6440929396283,1370.4765740984021,1390.3785910781894,13533974
2024-05-15,1384.2933349609375,1395.8458627036548,1382.9285858143567,1390.1914599350255,4327544
2023-10-04,1390.0877685546875,1395.4773608957394,1364.9201639575758,1371.4647444687614,4510406
2022-07-01,1389.7496337890625,1395.010255589354,1354.9447865935604,1365.8888293783978,4651635
2022-06-27,1385.2403564453125,1394.0707466430042,1376.3630650127548,1379.0873501880883,4511097
2023-09-29,1381.522216796875,1392.4459080493093,1362.8029715611751,1378.2980948454815,6068968
2022-06-30,1373.31005859375,1392.1919918235687,1366.828170110184,1376.2691940615682,9165177
2023-09-01,1389.606689453125,1391.675940662591,1374.544613071498,1377.1912996806418,3582133
2022-09-08,1386.461669921875,1391.3465082347766,1374.9069941604641,1385.6161862634633,4061475
2024-04-19,1375.811767578125,1391.0200084887108,1344.1278827623312,1350.2209375345992,20603621
2023-08-31,1381.522216796875,1390.6172647459737,1374.9777532432413,1381.2335578443342,9792735
2022-10-11,1337.5189208984375,1389.9844332710422,1334.0430690931162,1374.0146194801323,12824774
2023-10-16,1380.2711181640625,1389.3660485747973,1376.2770040610094,1378.298086654027,4850745
2024-05-13,1387.7054443359375,1389.2165696101383,1375.7630562813943,1389.2165696101383,3735954
2024-05-03,1380.7349853515625,1389.0215397333118,1367.9638475121812,1386.3892687031832,8842345
2022-09-02,1364.9493408203125,1388.434360449017,1360.2523368945715,1388.434360449017,5175653
2024-05-02,1378.931396484375,1388.2416319975862,1376.3967094404313,1377.5178553459195,10076354
2022-06-29,1374.5782470703125,1387.495008319051,1368.7069919572496,1375.9403323873626,5060038
2021-06-21,1382.362548828125,1387.4301978124022,1367.5280681854965,1375.6363515501214,5454052
2022-09-15,1345.9735107421875,1385.8040128833757,1342.4507577457653,1385.616178592746,12784100
2023-10-19,1379.7899169921875,1385.5645058813668,1372.523512312912,1372.523512312912,6795691
2021-06-17,1377.7554931640625,1384.527691992039,1359.143334424717,1359.143334424717,7677951
2023-10-20,1373.6302490234375,1384.4576025364966,1371.7053861766715,1376.2769354377408,3928622
2023-10-13,1377.3837890625,1383.9764209785055,1347.4040259874184,1352.2161832230877,17973439
2022-07-27,1381.905517578125,1383.7373031693553,1357.4340821994015,1363.0704866929632,4517285
2022-05-23,1364.960693359375,1383.1799768112962,1347.90335545249,1352.59754737169,5887569
2023-10-03,1380.126708984375,1383.0140033546352,1366.9414450205768,1382.099740464443,4181867
2023-08-30,1381.2335205078125,1382.6771676844257,1370.5023863314595,1373.3896806846858,3070887
2022-09-06,1366.9219970703125,1380.9190910639848,1357.8567569732973,1372.746350475844,3428442
2022-05-19,1326.6163330078125,1380.1122314727709,1317.785547913058,1376.6729184559379,16561140
2022-07-12,1351.4219970703125,1379.6040216776719,1348.979577872265,1373.2161649037746,4710356
2022-08-29,1373.1690673828125,1379.5570384500086,1362.1311084009428,1379.5570384500086,8079050
2022-09-01,1375.4705810546875,1379.1342670441895,1363.1175524925065,1371.572159542305,8140604
2022-06-24,1353.7705078125,1378.5707125607905,1342.3098636011073,1369.6464047111635,6114340
2023-10-23,1355.7291259765625,1378.5387050281786,1352.4568354520986,1372.0422925469106,2636516
2023-11-15,1375.08056640625,1378.492676992866,1358.0200134731701,1363.8693459073688,8551860
2022-09-05,1372.7464599609375,1378.1009987494747,1358.7023489408718,1363.0705856751792,3669352
2022-09-07,1369.3175048828125,1376.926627904922,1350.9052734036627,1352.737058968506,3600574
2023-07-14,1372.3790283203125,1376.276922542213,1328.7809557401517,1328.7809557401517,12833381
2022-10-10,1374.0145263671875,1376.2220951893873,1339.9142333612358,1339.9142333612358,5274677
2023-03-14,1348.5272216796875,1375.4502595751744,1339.9802181619993,1368.4702298876266,7402784
2021-06-16,1364.2110595703125,1372.3653448400291,1352.1408637921688,1356.9320504832872,7661710
2023-11-06,1368.0615234375,1371.9122866596717,1355.8754132344473,1358.897544763808,2736381
2022-07-13,1356.9173583984375,1371.525085832474,1351.421886982259,1362.1310783952651,5264025
2023-08-24,1370.117431640625,1371.5130277774253,1361.3111601004161,1368.0963490291783,5171963
2022-10-06,1366.9691162109375,1371.3373529267426,1356.5886913562892,1357.4341750227275,6180672
2023-08-28,1362.4661865234375,1371.2724583102686,1358.3758526182612,1366.748959736308,3133464
2022-06-22,1350.15380859375,1371.1493936759075,1348.0401567799834,1349.0265734955879,6253366
2023-08-29,1364.3909912109375,1370.887403606148,1362.1293007628003,1370.502407522903,3074444
2023-11-07,1369.036376953125,1370.5961752178998,1359.823606474179,1364.8443075493744,2272209
2023-03-17,1349.19189453125,1370.2745720182545,1340.3600607643627,1358.0238442242878,9090018
2023-03-15,1348.1949462890625,1370.22717704043,1345.5358319901009,1365.6213147066585,7556182
2023-11-08,1356.0701904296875,1369.7186323175492,1351.6343992141449,1369.7186323175492,3550635
2022-06-23,1364.4326171875,1369.6463373862352,1346.1613178837279,1352.5492890575886,6254281
2022-10-07,1363.2584228515625,1369.505461233364,1352.8781126039523,1358.7023518133747,3994466
2023-08-25,1366.7489013671875,1369.0587603824451,1358.375794606727,1359.9156614554622,4307172
2022-06-21,1362.037109375,1367.7674307588388,1336.532357219875,1337.7066081047985,6270787
2023-10-25,1335.6463623046875,1367.3302462708475,1327.1160858522596,1363.8693436510164,6940777
2023-08-17,1358.520263671875,1366.652763049818,1353.1787217239748,1366.652763049818,5618346
2023-08-16,1365.208984375,1366.6044629557182,1352.6011561303646,1357.7983093527282,7735313
2022-05-24,1339.4908447265625,1366.0297267680405,1334.1458951379589,1365.1465800576104,5693167
2022-07-14,1342.2626953125,1364.9022297210586,1328.3126175605432,1363.0704441869507,6157606
2022-05-27,1358.4073486328125,1363.6593654749383,1336.1445161732388,1342.2330430760785,8284860
2022-05-20,1352.6439208984375,1363.4267516688983,1344.7891018004589,1350.6453520878877,10488908
2023-08-23,1355.055419921875,1363.3804761179251,1352.841897902855,1362.803040699238,2559125
2023-04-03,1339.8377685546875,1362.7722515836435,1334.4247126017865,1362.7722515836435,5242764
2023-11-09,1340.277099609375,1362.40702660774,1335.646378052032,1360.8472284104719,5498051
2023-04-10,1355.7447509765625,1361.8226437013266,1343.7789685058417,1352.278442819566,4993788
2023-04-11,1335.37451171875,1361.205412322725,1319.0876965992634,1356.9794397947999,6942255
2022-06-14,1353.253662109375,1361.0976346595728,1318.120054608211,1324.554926173118,6090247
2021-06-14,1346.8890380859375,1360.8941324415248,1339.1953353738832,1355.3657879630894,7132294
2021-06-15,1358.037841796875,1359.972739866835,1347.9946601796607,1348.9160509248281,5403104
2023-04-12,1356.4095458984375,1359.4484342045055,1329.5339209824015,1341.9271228305936,5831169
2022-06-15,1336.0157470703125,1358.7493148117376,1332.8687773833667,1352.924961156173,4651958
2022-07-15,1343.671875,1358.3735200569204,1325.1657256097583,1358.3735200569204,5620018
2023-03-31,1356.0771484375,1357.9764827206443,1323.7410518226668,1333.3326667673127,8711975
2023-11-03,1354.1693115234375,1357.045185831074,1343.153020674398,1345.395312477116,3349045
2023-04-06,1350.3316650390625,1356.504501154155,1339.362963725627,1344.728605995516,6948465
2022-06-16,1312.5306396484375,1356.2597890180748,1307.645801775349,1350.8582348799941,6641772
2022-06-13,1338.1763916015625,1356.1189233034002,1326.1520159236798,1356.1189233034002,6987685
2023-08-18,1336.6248779296875,1355.7771702726145,1334.0744110270216,1350.9650129031734,5134103
2023-04-05,1351.898681640625,1355.649820412457,1329.533974485072,1329.533974485072,7506334
2023-08-21,1352.601318359375,1354.141185336241,1335.036942643393,1337.5392411663404,3032722
2022-10-12,1342.1219482421875,1353.770541714317,1327.8901171060595,1349.919021164722,5481467
2023-08-22,1351.01318359375,1353.226822980896,1344.1799436152671,1351.9274465016563,2890714
2022-10-13,1333.855224609375,1350.8113403187608,1329.2521377349256,1344.2825505997728,4821514
2023-10-27,1345.687744140625,1350.2210009049484,1329.407148627013,1329.407148627013,4634358
2023-03-20,1333.000244140625,1348.2423314946534,1315.1464563431948,1348.2423314946534,8221829
2023-11-13,1339.0584716796875,1347.734886230936,1336.4262006880397,1345.2001993169206,3462092
2021-04-12,1299.6483154296875,1346.8668644029635,1289.8491084222394,1343.6308026956756,20384532
2023-10-31,1334.0377197265625,1346.4675506408062,1328.7732969501244,1345.2976127988375,3451595
2023-03-16,1333.4276123046875,1346.4381217195216,1328.2993865472406,1346.4381217195216,7323117
2023-10-30,1342.470703125,1345.6877648422496,1328.8709326228154,1345.6877648422496,2667696
2022-10-04,1342.779541015625,1345.4568103900674,1328.312745604158,1333.6672843530425,6631341
2023-08-11,1320.3116455078125,1344.3724332944632,1315.6920447433647,1339.704663960716,5783517
2023-08-09,1342.014404296875,1343.5542710820564,1330.5614468273232,1332.005093966738,4090828
2023-08-10,1336.91357421875,1343.3619357644782,1333.545063966065,1339.3196529706677,3873025
2023-11-01,1320.1456298828125,1342.8604664454933,1317.7084079980843,1338.5710511323518,3090672
2023-08-14,1341.196533203125,1342.592011956592,1314.2965008959118,1320.311698082097,4304135
2023-08-07,1340.6671142578125,1342.591977307716,1325.2682098585842,1335.758736977422,3729093
2023-11-02,1335.7437744140625,1341.7393637124617,1327.4572204745587,1335.597517308254,3758060
2023-08-08,1337.97216796875,1341.1964073454392,1332.390135994379,1340.5226348332212,4161877
2022-05-25,1311.0926513671875,1340.8849764756405,1300.6816660891093,1333.9133041542768,9630092
2023-04-13,1319.27734375,1340.0276603421498,1313.3894547484845,1338.7930468775676,11267238
2023-10-26,1325.3125,1339.49717930423,1319.1219800684032,1321.0230845861229,6357656
2023-11-10,1334.4764404296875,1338.6685096528863,1326.8235875501032,1335.548794252723,2943649
2022-09-16,1293.601806640625,1338.6460252709162,1285.4289515773125,1338.6460252709162,20464045
2021-06-11,1333.1602783203125,1337.4907697894284,1317.0819424935607,1317.68086896681,6140828
2023-03-22,1319.3250732421875,1336.4190817491944,1312.5824597385454,1332.3829964072622,8356487
2022-06-20,1328.4537353515625,1336.1567764546387,1298.251975080617,1305.8141977945163,4595194
2023-03-21,1320.701904296875,1334.2821893202033,1320.0371837402724,1328.584187088231,8536755
2023-08-04,1326.5673828125,1333.8337873479481,1310.8316518978131,1317.4724524857875,5712345
2022-09-30,1327.7960205078125,1333.29160694942,1292.6155062681676,1304.7807008104505,8120130
2022-05-26,1323.641845703125,1329.265707546628,1307.9324326636608,1318.1110302805025,13040065
2023-03-24,1311.1578369140625,1328.5366743885645,1308.1663625187164,1318.1378665524344,7559127
2022-09-20,1304.405029296875,1327.8900493434649,1301.164027726676,1322.6293131146692,7219797
2023-03-28,1308.261474609375,1327.634708127804,1306.5995570562823,1322.0316486207148,6633366
2022-10-03,1309.289794921875,1326.4338586042602,1302.0094391115472,1326.4338586042602,4943169
2021-04-09,1313.5950927734375,1326.3112280795679,1303.5679975783341,1326.3112280795679,6052712
2023-03-27,1319.0401611328125,1325.4979442188,1304.937626931946,1316.4761061603522,4170193
2023-07-13,1313.815185546875,1325.0757043165709,1280.851907464868,1284.7498019398224,9977644
2022-09-29,1313.8929443359375,1324.4141873665508,1308.5853069117202,1319.7641993023396,6119965
2021-04-08,1312.501220703125,1323.3031151265463,1295.3184472293128,1303.5224345798154,5654434
2022-09-27,1309.10205078125,1321.2672454585957,1294.4943222480945,1309.008018961449,8561254
2022-09-19,1306.049072265625,1320.797620019706,1296.9368150449293,1307.6460078715725,6595241
2022-09-28,1310.182373046875,1320.6567158860444,1293.5550231930977,1295.4338249697034,7022098
2023-08-02,1305.8751220703125,1320.4078138316324,1297.7906741914153,1317.857464412844,7419145
2023-03-29,1313.9119873046875,1319.9423503179535,1295.8683120650862,1309.5909555478972,8813966
2023-08-01,1313.9114990234375,1317.5687858903452,1306.0196073434613,1310.8317650713295,6064652
2021-06-10,1312.3367919921875,1316.6672832032866,1307.4533763929069,1312.0603297980967,3496575
2023-08-03,1313.0452880859375,1315.2107588712909,1298.3200397518115,1299.2824712119686,6503741
2022-09-26,1296.6077880859375,1314.6442352660301,1272.887920924793,1277.5849243230393,9414587
2023-03-23,1305.3648681640625,1314.2916455441698,1301.0438367882105,1314.2916455441698,7607718
2021-06-09,1304.04443359375,1312.9818792910694,1294.1854846294837,1302.293768593136,5394317
2023-07-28,1290.139404296875,1312.6121559513233,1285.8084626188922,1302.9878411113616,6122735
2023-07-27,1302.3140869140625,1312.5640049351023,1296.4432788055246,1307.559291108771,9191861
2022-06-17,1303.230712890625,1312.295838435307,1284.3017647484517,1306.7534657208207,9692047
2022-09-23,1282.70458984375,1310.2760910501647,1279.463703424513,1284.630407072703,10426200
2021-06-08,1301.8790283203125,1309.9873119916688,1285.8469190885864,1286.2614999404746,7360630
2021-04-13,1273.5777587890625,1308.307945718706,1253.3868143969487,1306.256949113329,14855206
2021-04-07,1303.7047119140625,1308.0345941634064,1282.192056045746,1285.5192509762978,5879234
2023-07-05,1296.6839599609375,1306.9337610771051,1290.620594736906,1306.8375414274542,5414936
2023-07-31,1304.768310546875,1306.5007342047384,1283.1617708128674,1298.0794587540634,7902180
2022-09-21,1293.789794921875,1304.6399203926883,1285.4761204993708,1296.2792300594374,7917054
2023-07-12,1283.2099609375,1301.1111632707987,1277.1465955174297,1300.2449514273153,8102770
2023-07-11,1297.93505859375,1300.1486979712859,1277.146562312207,1283.3541983078676,6126128
2022-09-22,1285.0533447265625,1300.0837583012778,1277.5851538508077,1283.550326303682,9168498
2021-04-06,1286.24853515625,1299.8762252664992,1282.0552970235267,1297.1415628010016,5793571
2023-07-21,1281.57373046875,1299.282493131253,1255.9730766935447,1270.6019881410018,45548305
2023-07-26,1298.1756591796875,1299.282478862247,1289.0807288213757,1292.5454586014798,5528885
2023-07-24,1286.3858642578125,1299.1862496528058,1284.1241738266303,1290.6205861731394,8859789
2021-04-05,1285.2001953125,1298.964640476139,1264.3255833967755,1267.9717999314453,9479572
2023-07-06,1293.41162109375,1296.8281821765495,1286.9152089471775,1292.1123621612965,5963897
2023-07-04,1294.61474609375,1295.4327893658033,1281.3813130671676,1293.7967028216965,5797775
2023-07-03,1283.5947265625,1295.4326799180278,1278.5419616519728,1280.0337773335639,7732412
2023-07-07,1280.226318359375,1295.2403435598067,1275.5585491393808,1283.8836050075442,6295647
2023-07-25,1284.4610595703125,1292.4011194648908,1274.4999170176134,1286.7709186728707,6801982
2023-07-10,1279.2158203125,1291.4868216362026,1269.735893767129,1286.3378367344915,3940315
2021-05-31,1284.188232421875,1291.3290100371355,1274.2832828265134,1291.3290100371355,4429904
2021-05-27,1278.226806640625,1290.9885647386593,1268.6098658501262,1280.0042927233712,15365391
2021-06-01,1278.153076171875,1290.8683122458738,1270.2752535282752,1289.946921587597,4791325
2021-06-03,1280.41064453125,1289.0256253221073,1268.80114388171,1278.9824439165584,5115645
2021-05-28,1280.779052734375,1288.9374169104367,1272.6205772846265,1285.0633122273607,4261312
2023-06-30,1285.3272705078125,1288.5995611104233,1255.4437253865933,1259.052843517933,12821692
2021-06-04,1276.72509765625,1287.0907434510505,1269.3539717577253,1284.3725732912962,4194328
2021-06-07,1280.41064453125,1282.5758902418681,1269.0314915631473,1281.6544995161196,5154576
2021-06-02,1270.275146484375,1282.5295737221304,1257.6981425638494,1272.2100442088167,9272276
2021-05-26,1273.6688232421875,1276.1755967357756,1241.582167033732,1246.914735665356,6850024
2021-04-01,1262.684814453125,1268.5187835006473,1249.7407895161232,1257.944777193472,5675155
2023-05-29,1248.242431640625,1265.6212696280938,1243.9214000613429,1265.6212696280938,4419365
2023-05-31,1251.9461669921875,1264.1018361484385,1248.0050253964423,1253.4180814211425,17800782
2023-06-02,1250.198486328125,1263.5763073307307,1247.359360469911,1259.8228010804585,10909311
2023-06-01,1253.085693359375,1262.58236401765,1251.7561362819854,1255.982224280611,4277841
2023-06-05,1255.491943359375,1260.2559324864822,1248.562483268252,1255.0107275895937,5002553
2023-05-30,1257.216796875,1259.6384944077217,1243.2567365453965,1248.8122660265178,6274719
2021-04-19,1242.0380859375,1257.6711497646718,1214.5090852984706,1221.4824964320942,12508028
2023-06-14,1251.5460205078125,1257.6092688277158,1244.6164428052246,1257.2724412795526,3457981
2023-06-13,1255.82861328125,1257.4166486190763,1248.32171870545,1251.0646247520751,4846587
2021-04-20,1231.82861328125,1257.0331064521617,1223.6702485791636,1257.0331064521617,8560766
2023-05-26,1251.138916015625,1256.8369188045858,1240.26527373049,1240.26527373049,5521606
2023-06-20,1254.433349609375,1255.9732166463295,1242.5953941369098,1245.386469226322,4009180
2023-06-21,1250.5352783203125,1254.818168754012,1246.3487250188482,1251.1127136921855,4041529
2023-06-16,1243.1246337890625,1252.6045602874608,1232.922883686964,1238.6493039492602,8536287
2021-04-30,1234.5631103515625,1252.3840351670503,1226.8605237313238,1227.2251675779985,8354677
2021-05-07,1232.922607421875,1251.6094674564054,1229.2307686128904,1244.5449228092048,4991435
2023-06-19,1245.3863525390625,1250.6797257531002,1238.697500653231,1245.3863525390625,4451787
2021-04-16,1234.016357421875,1249.6039102082548,1227.4987233809377,1244.271341001558,10879878
2023-05-23,1234.6146240234375,1248.0049054764197,1231.765623036584,1233.8073143362449,7436031
2023-06-28,1244.7607421875,1247.9848641771976,1233.2597328933462,1241.5366201978022,5662358
2021-04-29,1236.386474609375,1247.9176570995496,1231.8743259832513,1247.0061029307406,5412357
2023-06-12,1243.4132080078125,1247.02232578037,1225.1751798575426,1225.6563955605502,4785588
2021-05-25,1241.1719970703125,1247.005965361831,1234.6543632276089,1237.8904246793616,4099340
2021-04-15,1240.3970947265625,1245.547397036566,1203.2512695491916,1214.4634281612814,25342491
2023-06-07,1240.5260009765625,1245.386326912255,1234.3183649651985,1242.0178167544552,5397578
2023-06-15,1238.4569091796875,1245.338200461609,1234.4627949320693,1245.338200461609,6161155
2021-04-22,1231.6007080078125,1244.0890657975606,1226.1770056850326,1235.6571904701025,6622446
2021-05-06,1241.1719970703125,1243.9977924271402,1219.1124331282124,1226.0402217921512,4810090
2023-06-08,1234.607177734375,1243.4615005588703,1232.9709736904194,1237.8793508536576,5034942
2021-05-24,1228.820556640625,1242.448246010722,1226.1314052647197,1236.659899694538,4225371
2023-05-25,1238.6982421875,1241.2148831541842,1224.3582923538884,1229.3440445624265,4334121
2023-06-22,1233.404052734375,1240.9591160035893,1225.6564326875432,1240.9591160035893,6676607
2021-05-03,1232.4666748046875,1240.6250388904148,1219.6592961317965,1222.2116919336243,4560337
2023-06-06,1230.9498291015625,1240.1891475588643,1225.1752403802104,1240.1891475588643,10008100
2023-05-24,1233.2852783203125,1239.315641590327,1226.3052478919913,1231.053583683525,4824077
2021-04-28,1236.0673828125,1239.2578222224142,1225.6756436226115,1237.8904910467368,4879234
2021-05-21,1234.7000732421875,1237.434735641395,1227.2708848029342,1228.3191943107033,4969733
2021-05-19,1218.747802734375,1237.3890391268567,1215.3294749406175,1223.305573126052,4435878
2021-05-04,1211.8199462890625,1235.11008492509,1206.9886654343336,1234.2441531085276,4887060
2023-06-09,1218.3900146484375,1234.3183017149724,1216.513320364698,1234.3183017149724,5339073
2023-06-27,1231.0941162109375,1233.8370221314526,1226.3300104164966,1231.9121593824177,3240024
2021-04-27,1229.230712890625,1233.3327063707939,1221.6192583543836,1226.9518276238643,3636115
2021-05-10,1221.0723876953125,1233.2416131592327,1216.970394082281,1230.4613285342543,7195348
2021-04-26,1224.7186279296875,1231.7831726221118,1204.1630372506374,1214.4180214815758,7088606
2023-06-23,1217.475830078125,1231.2866984086309,1215.8877946289867,1228.4956236017078,7239467
2023-05-22,1227.7296142578125,1230.3886124543512,1206.3145758113455,1208.8786304876783,7625947
2021-05-20,1220.84423828125,1229.777400143166,1216.9245118235845,1229.139356893627,4490092
2021-04-23,1215.830810546875,1229.139477139151,1213.2784147516722,1224.2170631190802,7316262
2023-06-26,1222.624755859375,1226.1376541109498,1214.8290846950913,1222.5285362122715,3403244
2021-05-18,1221.482421875,1225.6755482326694,1211.9111043901587,1219.6593137826494,5620150
2021-05-05,1222.849609375,1225.0373610837041,1210.3613649180609,1222.4849655446035,3939788
2021-05-11,1212.95947265625,1222.3940352372351,1207.9003029450082,1218.6566857213006,6420988
2021-05-17,1211.8199462890625,1216.879004376958,1203.5248268943994,1203.5248268943994,5017129
2023-05-02,1213.1522216796875,1215.3365024362463,1191.40493727212,1191.40493727212,8886401
2023-05-05,1195.7257080078125,1214.624104674689,1191.1198461987715,1214.624104674689,5373791
2021-05-12,1209.63232421875,1212.3669865945271,1198.237897653012,1212.3669865945271,5241898
2023-05-10,1199.6669921875,1212.155138030374,1195.7733801714905,1212.155138030374,6515734
2023-05-11,1192.8768310546875,1211.680286161678,1189.9804159312725,1206.3146438167805,6888461
2023-05-04,1209.448486328125,1211.58523713485,1198.9546193290814,1205.0799252712332,4505401
2023-05-16,1200.664306640625,1209.8285025270743,1199.1922760864818,1201.3290273208468,5236469
2021-05-14,1199.9698486328125,1209.4955445408755,1195.3209449421486,1209.4955445408755,4824609
2023-05-19,1205.03271484375,1209.2112736451063,1189.7430963427187,1192.829514695536,11094136
2023-05-03,1205.2698974609375,1208.4512587289432,1198.5746987336697,1202.2784232226657,5549783
2023-05-09,1206.741943359375,1207.9765569657318,1197.245272314047,1202.2785543385348,4969897
2023-05-08,1201.8988037109375,1206.3623091756272,1192.022241493054,1198.907328799468,5260842
2023-04-18,1195.9632568359375,1206.0297050591496,1190.0278373734113,1206.0297050591496,12430884
2023-05-15,1195.013671875,1205.0327069869827,1182.9529450684781,1186.9890305804627,5534710
2023-04-17,1194.9661865234375,1197.672714637129,1125.640486586088,1187.368849544002,53171705
2023-05-17,1184.1400146484375,1197.4827687995762,1179.9139261962646,1197.1504084760984,10465667
2023-05-18,1183.28515625,1196.2481347986438,1179.913791817991,1195.2509380156118,6948732
2023-04-28,1189.6954345703125,1195.630853820813,1182.287984975225,1192.4969060860858,10118277
2023-05-12,1182.525390625,1192.781841363878,1176.685030878355,1190.2652004401004,8292212
2023-04-19,1170.1796875,1191.2148357503424,1167.5206893273707,1191.2148357503424,11307230
2023-04-27,1183.5225830078125,1184.9946133330689,1163.7220478333945,1168.0904931591651,8020704
2023-04-20,1161.82275390625,1175.5453971376487,1159.9234197053001,1168.7552541840212,8621249
2023-04-25,1163.247314453125,1173.3137630512535,1153.8455864890918,1164.244395404268,6808576
2023-04-21,1165.573974609375,1171.1770340817216,1158.5939441149,1166.2862249848554,8691352
2023-04-26,1165.763916015625,1170.939555433573,1159.1162461956453,1166.1912198478733,5680192
2023-04-24,1164.5767822265625,1168.0905040389814,1156.6944991215278,1166.1911698860724,8313774
